perc_change,high_perc,low_perc,age,liq,mcap,vol,watch_start_time,watch_end_time,watch_id
-14.87,29.42,-28.18,93,1423210.00,9073840.00,4356840.00,2025-06-18 19:04:42,2025-06-18 19:14:42,1ac0b05b-d475-43a7-8a40-4409a03ae990
40.13,81.93,-10.10,209,3657130.00,23548710.00,30525430.00,2025-06-18 19:19:42,2025-06-18 19:29:42,d804d4ae-1251-43a2-8418-47d868ffb835
66.38,75.68,-16.62,235,1016640.00,9355060.00,11213940.00,2025-06-18 19:34:42,2025-06-18 19:44:42,c671e410-066d-4099-b947-eb9d184ffa2f
12.38,46.18,-2.09,262,2896150.00,6216510.00,11975260.00,2025-06-18 19:49:42,2025-06-18 19:59:42,09344dbf-9958-487b-8ab4-7abfad6a53a1
8.77,8.77,-24.70,295,331500.00,2039390.00,923840.00,2025-06-18 20:04:42,2025-06-18 20:14:42,b6086f5b-5f61-48a9-a6c4-a06f154ae3d4
-36.27,11.73,-45.23,47,1074450.00,8497330.00,15993540.00,2025-06-18 20:19:42,2025-06-18 20:29:42,295408ba-5622-4755-ac28-83ffc5b0406a
-54.20,6.02,-57.81,228,858860.00,1480030.00,2141460.00,2025-06-18 20:34:42,2025-06-18 20:44:42,93d0a5c9-f212-4efa-9b55-9913397aafd9
4.59,12.29,-21.01,121,1060140.00,2240330.00,3916170.00,2025-06-18 20:49:42,2025-06-18 20:59:42,e332eaf2-ea82-44a5-8652-1344cdec39cb
62.61,63.17,0.00,158,4018690.00,38085530.00,24021900.00,2025-06-18 21:04:42,2025-06-18 21:14:42,ff972ee1-f61e-40bb-ac3f-805651069f28
154.94,161.19,-0.86,285,865180.00,1303790.00,1452260.00,2025-06-18 21:19:42,2025-06-18 21:29:42,d3ba3c0c-b773-4529-8105-05b2686fa0c8
31.38,31.38,-9.68,196,5620080.00,26451720.00,24628810.00,2025-06-18 21:34:42,2025-06-18 21:44:42,894e48c3-a048-462f-beff-0ab96eb2f1b5
6.34,19.15,-19.47,176,1559990.00,13931950.00,9055500.00,2025-06-18 21:49:42,2025-06-18 21:59:42,22de83bf-930a-4a99-a834-fdde9f96769f
-53.42,0.00,-60.44,225,1982630.00,2743460.00,4364210.00,2025-06-18 22:04:42,2025-06-18 22:14:42,6082f3a0-eae9-4a78-8f8c-e01ddc883a0a
102.79,114.09,-12.48,113,3871390.00,36655940.00,41834860.00,2025-06-18 22:19:42,2025-06-18 22:29:42,32136840-c070-407c-b7f6-db389d9e7d4e
36.03,53.18,-2.34,166,2492850.00,3195000.00,4107400.00,2025-06-18 22:34:42,2025-06-18 22:44:42,3026713b-8cf4-4dad-ab26-05a0c63a1c0c
-44.66,0.00,-45.62,84,1067370.00,6237000.00,4507120.00,2025-06-18 22:49:42,2025-06-18 22:59:42,c36918f4-8737-4b86-9391-de0676040d46
6.40,29.68,-20.25,192,1838010.00,2814490.00,936860.00,2025-06-18 23:04:42,2025-06-18 23:14:42,340c0e40-b048-44b5-8f2a-328b6598b5db
-48.05,10.03,-56.44,176,273130.00,1432540.00,1521700.00,2025-06-18 23:19:42,2025-06-18 23:29:42,b92736ed-53b4-4df0-8581-f0258199f670
1.87,38.49,-6.50,186,449720.00,2776470.00,1805610.00,2025-06-18 23:34:42,2025-06-18 23:44:42,82d564e3-3b89-49dc-ac04-2d8ef333a138
-22.16,10.11,-33.18,75,735620.00,5403800.00,787190.00,2025-06-18 23:49:42,2025-06-18 23:59:42,bcf18925-2489-4c19-90d5-5e2861ba3f92
-26.13,7.78,-42.89,158,2113020.00,8676000.00,16911420.00,2025-06-19 00:04:42,2025-06-19 00:14:42,c4672682-3795-4962-919a-43a2c051f8d6
-21.69,17.01,-46.02,264,2192830.00,8676270.00,8616070.00,2025-06-19 00:19:42,2025-06-19 00:29:42,d249b089-f431-4980-aa29-6adc3f4ee8ef
23.92,30.57,-18.81,227,2025000.00,16176540.00,31362860.00,2025-06-19 00:34:42,2025-06-19 00:44:42,0a054dda-6491-436f-bad0-00a647ad4dcc
-15.36,35.15,-30.56,44,3305690.00,32724000.00,49122460.00,2025-06-19 00:49:42,2025-06-19 00:59:42,f4039bec-206c-4e38-a20c-5b6049e68281
-20.68,49.60,-27.23,34,563140.00,4001160.00,4359250.00,2025-06-19 01:04:42,2025-06-19 01:14:42,285f7d28-5b7f-4edc-96c8-b37bcbd83d9c
0.52,34.59,-13.51,299,1691410.00,2514720.00,3631660.00,2025-06-19 01:19:42,2025-06-19 01:29:42,1f310bc4-2e94-456e-9fc4-9685c0229b24
17.01,34.77,-5.92,30,4892020.00,47613320.00,31916810.00,2025-06-19 01:34:42,2025-06-19 01:44:42,639c5cd4-8b7f-4cdb-9fc7-ca1300ef6c06
-6.08,8.98,-22.74,110,1571990.00,14723580.00,13921000.00,2025-06-19 01:49:42,2025-06-19 01:59:42,bec6c863-cf40-4b4e-b147-922fa40f6f90
-28.03,11.19,-38.33,46,1536500.00,13075920.00,1975380.00,2025-06-19 02:04:42,2025-06-19 02:14:42,d89cf6b1-5035-463c-978f-d6620e93ac97
-19.93,3.54,-38.76,87,2510450.00,23670850.00,15266520.00,2025-06-19 02:19:42,2025-06-19 02:29:42,0c21e77e-d8af-4b99-88d0-5e3298f196e5
22.58,47.05,-5.57,197,1366990.00,3185780.00,4327530.00,2025-06-19 02:34:42,2025-06-19 02:44:42,9685493d-3a27-46de-be15-b555db279f7c
-31.03,13.56,-33.33,89,2562460.00,17475890.00,10840630.00,2025-06-19 02:49:42,2025-06-19 02:59:42,ea90aa1c-32f7-4a75-843a-9e8bab776508
41.58,140.51,-5.99,62,3164010.00,25131930.00,38518350.00,2025-06-19 03:04:42,2025-06-19 03:14:42,dd3e085e-3f7f-4836-a712-29014cf97bee
-43.35,0.00,-45.37,297,2603130.00,7237370.00,1423850.00,2025-06-19 03:19:42,2025-06-19 03:29:42,f4e9cd2e-1c4a-4382-bd4b-da6e76e4d1f4
-15.72,2.33,-31.65,123,5348780.00,37988460.00,21174300.00,2025-06-19 03:34:42,2025-06-19 03:44:42,1d7f387f-f209-475a-add6-3464ca47b1a5
1.83,18.54,-25.05,171,4581020.00,44059470.00,73603980.00,2025-06-19 03:49:42,2025-06-19 03:59:42,f4e1f3f6-b641-4038-a42c-909e3c9848f7
13.10,19.02,-30.51,176,606770.00,4830080.00,5013960.00,2025-06-19 04:04:42,2025-06-19 04:14:42,4886246d-e74c-4b6a-bcd4-c7dccde39728
-22.58,23.23,-32.75,186,5615330.00,27204840.00,24308050.00,2025-06-19 04:19:42,2025-06-19 04:29:42,7f62ca29-67cd-4ac9-a890-c2ef7deccde1
71.92,135.61,-8.30,168,5182370.00,28031340.00,12504890.00,2025-06-19 04:34:42,2025-06-19 04:44:42,7402a69e-647e-4e8e-9c04-324b3aa73642
11.07,48.64,-2.43,160,4726040.00,15597540.00,30565260.00,2025-06-19 04:49:42,2025-06-19 04:59:42,0a461365-87e3-4e6c-a615-207dd54142c5
-27.93,9.19,-28.92,290,2566160.00,3462790.00,1040260.00,2025-06-19 05:04:42,2025-06-19 05:14:42,06de4267-0600-4d2a-a397-561de01b0769
-18.66,11.73,-25.56,297,1930810.00,16999360.00,23566970.00,2025-06-19 05:19:42,2025-06-19 05:29:42,23492283-81e4-4255-8421-81ebb7320a91
-29.62,15.53,-39.53,223,150420.00,775470.00,1208230.00,2025-06-19 05:34:42,2025-06-19 05:44:42,1982c64d-9ad8-4c4b-894c-35ca69ab5d17
-6.57,25.20,-30.59,55,648140.00,2198190.00,1168550.00,2025-06-19 05:49:42,2025-06-19 05:59:42,49d44771-a7be-47e7-a2c2-7aa5000c379c
2.69,10.28,-29.39,296,1061860.00,9596480.00,3348620.00,2025-06-19 06:04:42,2025-06-19 06:14:42,38502751-6001-40c3-870a-f7274405f3ca
-27.21,36.47,-29.32,40,825630.00,2535060.00,674190.00,2025-06-19 06:19:42,2025-06-19 06:29:42,aca9c097-3ec4-4385-bd10-aaa86f0efce1
-40.40,12.29,-46.12,287,3698130.00,24514850.00,3400440.00,2025-06-19 06:34:42,2025-06-19 06:44:42,57a1a57d-cf12-4392-ae4e-29edab288f7e
-35.31,3.13,-39.78,138,4842030.00,12616210.00,8257970.00,2025-06-19 06:49:42,2025-06-19 06:59:42,f89bffb5-c412-4249-919e-3af6359f3fb8
-10.53,24.87,-15.31,61,491540.00,3190810.00,1019420.00,2025-06-19 07:04:42,2025-06-19 07:14:42,2e792674-1e58-4cfc-954e-aa06886d6f41
28.50,29.60,-8.79,84,4480820.00,32385230.00,13046070.00,2025-06-19 07:19:42,2025-06-19 07:29:42,e1e634cb-86cb-4320-8aa1-86f6989a5bc7
44.42,46.88,-6.88,268,5747290.00,47786400.00,54129510.00,2025-06-19 07:34:42,2025-06-19 07:44:42,4b4193eb-a6b2-401f-86f2-0155a283c74e
32.32,36.06,-11.54,257,1916010.00,5656010.00,1075610.00,2025-06-19 07:49:42,2025-06-19 07:59:42,a8e7072e-80eb-4bee-b2f4-aa3b394bcb25
34.82,44.51,-11.04,209,4975460.00,9421170.00,5085920.00,2025-06-19 08:04:42,2025-06-19 08:14:42,423f6912-98e9-471b-9042-fcd81d1a201b
10.30,46.11,-17.92,133,3147400.00,31085510.00,11617840.00,2025-06-19 08:19:42,2025-06-19 08:29:42,6ce0735a-32f9-4f70-925d-e8de06ebe958
-10.33,32.18,-27.13,233,5879970.00,10070240.00,15386740.00,2025-06-19 08:34:42,2025-06-19 08:44:42,97c75e07-f438-443c-a602-a0aebc8500ac
-52.05,9.84,-56.68,237,2814230.00,5420320.00,7278280.00,2025-06-19 08:49:42,2025-06-19 08:59:42,7ef53a07-a001-4841-a457-898f5527a3a4
-11.07,15.80,-19.88,256,4518430.00,33825340.00,64647590.00,2025-06-19 09:04:42,2025-06-19 09:14:42,13849fc1-01b8-4eeb-a65e-1fc04b9fe73e
29.49,43.34,-27.25,126,5611930.00,21025280.00,39435090.00,2025-06-19 09:19:42,2025-06-19 09:29:42,86999f3b-1fe2-4591-bb79-15f54262df29
-20.41,7.04,-26.91,51,3300170.00,17698100.00,16933550.00,2025-06-19 09:34:42,2025-06-19 09:44:42,cb14c2f9-1b46-4708-949f-bbeb842b27cc
51.08,61.40,-12.01,190,5906790.00,58093290.00,61474470.00,2025-06-19 09:49:42,2025-06-19 09:59:42,2e360888-58e0-489a-a74c-9df836a39489
-43.95,5.31,-46.00,190,2645330.00,24925910.00,24881540.00,2025-06-19 10:04:42,2025-06-19 10:14:42,336a4912-882f-4f2b-a617-d774368fb66d
7.25,14.98,-15.51,170,5503360.00,44446510.00,66833290.00,2025-06-19 10:19:42,2025-06-19 10:29:42,8c22c1e7-1eef-4ac6-8ad7-a037968ff888
-40.74,1.22,-49.75,196,3900470.00,18683400.00,25556580.00,2025-06-19 10:34:42,2025-06-19 10:44:42,5e49bbb8-874c-4bec-8a5c-22ed0bc7f5cc
12.38,49.63,-37.12,295,768750.00,1033940.00,1255270.00,2025-06-19 10:49:42,2025-06-19 10:59:42,51bb5249-83f0-4395-974d-fa3f1ce79a97
170.80,182.72,-0.26,181,5764340.00,19934240.00,37627950.00,2025-06-19 11:04:42,2025-06-19 11:14:42,aba47509-a2f2-4788-8006-95e43157493b
89.62,100.17,-1.68,198,1642050.00,14611260.00,10026450.00,2025-06-19 11:19:42,2025-06-19 11:29:42,6e469523-a6fa-4d20-864c-212cf5f79c6a
-6.16,14.06,-24.97,63,1516350.00,7241180.00,6485620.00,2025-06-19 11:34:42,2025-06-19 11:44:42,ec83cfbf-eead-4036-a83d-b6ced19c9b4b
-44.77,3.45,-47.96,142,2558160.00,18526880.00,19254070.00,2025-06-19 11:49:42,2025-06-19 11:59:42,357f2c70-1e1c-4ef2-bc06-54294f0e064a
-38.92,5.18,-40.06,279,2126570.00,10382070.00,1879630.00,2025-06-19 12:04:42,2025-06-19 12:14:42,a4b5adc9-a00c-4091-8e98-357c4b2a28ba
61.07,77.49,-7.02,132,3709290.00,15036940.00,20634140.00,2025-06-19 12:19:42,2025-06-19 12:29:42,556af87a-d3e8-485c-9dda-baed7dda55a9
-12.00,20.82,-28.28,212,2479620.00,17828140.00,25379150.00,2025-06-19 12:34:42,2025-06-19 12:44:42,c045e9a9-319e-4b76-8e9a-3f1daf9d49ea
-6.56,36.72,-6.56,194,721340.00,1032010.00,680940.00,2025-06-19 12:49:42,2025-06-19 12:59:42,711f8d1e-1481-4f58-ba40-8b482bd7531f
-46.53,9.17,-48.72,79,5869000.00,20616350.00,3152320.00,2025-06-19 13:04:42,2025-06-19 13:14:42,220f971d-b036-416b-a1f3-6b584f6525df
-34.05,3.29,-35.41,209,5491250.00,39226360.00,40561090.00,2025-06-19 13:19:42,2025-06-19 13:29:42,ae457939-9e3f-47bb-b405-d8cb726fd79c
4.52,84.50,-6.85,255,3853590.00,12028360.00,23503390.00,2025-06-19 13:34:42,2025-06-19 13:44:42,71ac2506-a0f5-4989-a5c4-542afd055626
57.18,70.29,-8.90,202,4331420.00,5955660.00,11106660.00,2025-06-19 13:49:42,2025-06-19 13:59:42,61ae7fb0-1db3-4632-a55a-1464ed9fb43c
-44.07,3.50,-48.34,275,3692870.00,24847820.00,43240300.00,2025-06-19 14:04:42,2025-06-19 14:14:42,3e38367f-ab65-48b2-acd9-9916eab51c53
-22.25,33.14,-29.77,106,3154160.00,19108160.00,9482070.00,2025-06-19 14:19:42,2025-06-19 14:29:42,1cc9fdb3-6299-44e7-bae7-5aa8a47803cb
-4.92,28.65,-26.90,68,5160440.00,10760780.00,8738370.00,2025-06-19 14:34:42,2025-06-19 14:44:42,7db8a2c0-8bf2-4baf-b9bf-ec1838d29a7e
40.27,54.19,-7.78,77,552590.00,2020160.00,389220.00,2025-06-19 14:49:42,2025-06-19 14:59:42,55a1684e-e672-4647-8cae-a4cba4444759
0.79,20.83,-17.18,208,2285730.00,10227690.00,7617430.00,2025-06-19 15:04:42,2025-06-19 15:14:42,55245bf0-5bf3-48c2-8419-f98a8b1b2c8a
-0.91,17.51,-19.87,143,4876500.00,12710910.00,14619670.00,2025-06-19 15:19:42,2025-06-19 15:29:42,6b5814f3-338b-4be6-81b7-bf81ae9f88f7
-27.85,12.67,-34.69,113,3399010.00,13873560.00,7250480.00,2025-06-19 15:34:42,2025-06-19 15:44:42,d4e21c71-fbe1-4edc-b6fb-07def446e5f9
7.21,42.45,-13.72,190,415290.00,1987530.00,355060.00,2025-06-19 15:49:42,2025-06-19 15:59:42,4dd28d0c-cca6-456a-9516-8bc108e3fd06
-5.87,18.10,-19.62,225,4806840.00,32520990.00,20573870.00,2025-06-19 16:04:42,2025-06-19 16:14:42,f0cbdbab-1de1-48e4-bc7a-5b13e05a67ff
38.90,68.36,-7.78,270,3592770.00,21492700.00,29155440.00,2025-06-19 16:19:42,2025-06-19 16:29:42,6fcc61a9-1313-4e61-89d1-84af6ea86fe4
-5.76,19.07,-29.14,145,3195330.00,8048470.00,6259430.00,2025-06-19 16:34:42,2025-06-19 16:44:42,60e5cdc3-432e-4188-8abe-e3f0e77f82a7
-14.58,2.17,-35.28,150,4845230.00,32740650.00,57564490.00,2025-06-19 16:49:42,2025-06-19 16:59:42,288298e5-fda7-4b98-b46c-09d472dacf51
-53.99,15.36,-53.99,180,4028920.00,20500180.00,5861200.00,2025-06-19 17:04:42,2025-06-19 17:14:42,c693121c-fbf5-4c80-a507-93f9901c2e9e
53.90,64.69,-5.13,291,3356520.00,19164450.00,13916900.00,2025-06-19 17:19:42,2025-06-19 17:29:42,23539a09-ef22-4622-902a-848cf83fa922
-2.65,20.84,-12.62,65,2253270.00,19130470.00,31374590.00,2025-06-19 17:34:42,2025-06-19 17:44:42,0134bf16-acb3-4ecc-92f6-e28090c8a054
39.08,46.13,-8.05,258,2383140.00,5857380.00,4313130.00,2025-06-19 17:49:42,2025-06-19 17:59:42,b1820954-462f-47fc-ab4e-3b54a3fdce04
118.31,133.18,-2.05,82,4118860.00,18793140.00,25991370.00,2025-06-19 18:04:42,2025-06-19 18:14:42,ac688fc4-ac8c-4284-be45-eddbe7f9b8ff
-24.50,0.00,-44.43,263,2750160.00,17321780.00,30928380.00,2025-06-19 18:19:42,2025-06-19 18:29:42,aaf93841-5dff-4eea-8c1a-4616031d2718
22.01,31.15,-5.34,62,1738600.00,15188330.00,24602340.00,2025-06-19 18:34:42,2025-06-19 18:44:42,4dd0d1b3-f40a-4fab-8ee3-3e75e390be26
14.75,29.88,-22.02,98,5110650.00,28172020.00,33643730.00,2025-06-19 18:49:42,2025-06-19 18:59:42,93fe837f-1509-491a-ba96-a60a2e5ee145
-26.69,16.70,-41.67,131,5116580.00,12506160.00,21517940.00,2025-06-19 19:04:42,2025-06-19 19:14:42,53169606-b2ab-4b32-9fa4-76ace18bebe2
-33.49,5.69,-53.56,122,1996550.00,12411600.00,14238390.00,2025-06-19 19:19:42,2025-06-19 19:29:42,1c1f9981-db67-4048-bd4e-7cafdb1548f7
45.07,59.86,-6.57,111,3283100.00,8101300.00,1088740.00,2025-06-19 19:34:42,2025-06-19 19:44:42,1a6e08a4-6db8-49b3-911f-01c2a7856dc5
-34.86,1.90,-38.00,240,2630270.00,23587100.00,28790310.00,2025-06-19 19:49:42,2025-06-19 19:59:42,6368a33d-e1db-4f56-8163-25ef55d906b1
-24.73,12.20,-26.85,127,317040.00,498310.00,481890.00,2025-06-19 20:04:42,2025-06-19 20:14:42,17446a49-d751-4bea-819b-db8440e1edf6
-17.32,24.08,-21.43,58,4710100.00,17976420.00,14642880.00,2025-06-19 20:19:42,2025-06-19 20:29:42,bb204570-6be3-4e52-bbac-ae32e4594e67
-43.83,3.67,-52.33,113,5841690.00,25034100.00,31692100.00,2025-06-19 20:34:42,2025-06-19 20:44:42,05c0d609-7d90-429d-9040-f63cbb3d2973
-36.73,38.97,-36.86,165,194690.00,876090.00,1598250.00,2025-06-19 20:49:42,2025-06-19 20:59:42,f82b11e9-d562-4d74-8f29-7652471ca37d
-25.37,22.95,-31.06,182,3783700.00,5831240.00,1047240.00,2025-06-19 21:04:42,2025-06-19 21:14:42,0f6566c9-5bea-44c5-9fa6-a599ca4401e8
63.03,86.80,0.00,45,4849270.00,27066990.00,46492400.00,2025-06-19 21:19:42,2025-06-19 21:29:42,a8cc41ef-ebe2-489a-94c4-fa7e6d7bbb3c
-39.71,0.37,-48.92,88,5102700.00,40028550.00,32601340.00,2025-06-19 21:34:42,2025-06-19 21:44:42,ecc1c392-648e-4675-915b-d27c0a3c9c7a
-41.23,12.34,-51.62,187,478380.00,3147090.00,4526950.00,2025-06-19 21:49:42,2025-06-19 21:59:42,15a3fe19-ff17-42ba-be87-ff2b2e642307
-33.66,26.58,-33.66,256,2287270.00,6568430.00,3112510.00,2025-06-19 22:04:42,2025-06-19 22:14:42,3425ca0c-593f-478a-9d28-29202906b3a2
-41.89,6.37,-44.85,104,3935720.00,11801970.00,20393070.00,2025-06-19 22:19:42,2025-06-19 22:29:42,39a651a2-3484-4154-8e23-74cd1cf121a9
-44.96,4.75,-44.96,174,5027880.00,10842770.00,1307380.00,2025-06-19 22:34:42,2025-06-19 22:44:42,81452f49-e2cd-4f98-96d0-cb24c5be170d
-41.96,26.58,-47.74,176,4627110.00,42344470.00,51912290.00,2025-06-19 22:49:42,2025-06-19 22:59:42,fa04a23b-c5fe-4f68-a26f-f985b922817d
-29.56,13.57,-29.56,213,5100230.00,13830300.00,21006400.00,2025-06-19 23:04:42,2025-06-19 23:14:42,84cb2619-46ad-4c66-993e-ba71ab0ae774
-9.52,25.27,-26.59,119,4840630.00,18851990.00,1949900.00,2025-06-19 23:19:42,2025-06-19 23:29:42,7902129a-606f-4987-b6bf-ba4800303997
-24.52,22.21,-29.84,85,3579740.00,3813460.00,2038650.00,2025-06-19 23:34:42,2025-06-19 23:44:42,e8f7ddca-5320-4d52-836f-60b9e9afa721
-2.33,32.39,-12.41,224,5227700.00,26039980.00,36641610.00,2025-06-19 23:49:42,2025-06-19 23:59:42,d95cb8c6-6cf8-46d2-99f2-319d9d63b416
-8.77,23.31,-23.82,218,4001970.00,36250760.00,15695980.00,2025-06-20 00:04:42,2025-06-20 00:14:42,307f4390-4d06-4ec5-8556-9bfc75c50a03
0.10,26.81,-35.41,110,4987330.00,17795130.00,31131100.00,2025-06-20 00:19:42,2025-06-20 00:29:42,a8966836-e391-4ccd-bd73-e7a3ccc3d2e3
76.96,89.78,-4.32,115,4176790.00,31714750.00,43336680.00,2025-06-20 00:34:42,2025-06-20 00:44:42,51db1601-2ed0-44a0-ac93-5d3f8df7f349
41.87,65.05,-24.51,71,1912030.00,18869930.00,18902890.00,2025-06-20 00:49:42,2025-06-20 00:59:42,dd073f86-5509-440c-b644-1533b6b48027
132.33,161.18,0.00,295,4937440.00,48101570.00,95776300.00,2025-06-20 01:04:42,2025-06-20 01:14:42,bedcec66-a2a6-422f-99fa-08e92bc60aec
-27.95,29.55,-30.90,84,3845270.00,25950240.00,8839790.00,2025-06-20 01:19:42,2025-06-20 01:29:42,e15fbb68-3210-4d41-acd9-5e049f26495b
116.26,126.20,-14.13,61,5311190.00,47341120.00,15208920.00,2025-06-20 01:34:42,2025-06-20 01:44:42,6387c951-4ce9-4965-974c-e3c1097800d4
-0.35,35.47,-5.12,244,3883180.00,35528860.00,43487400.00,2025-06-20 01:49:42,2025-06-20 01:59:42,d5f06a94-d58e-4d1a-a5d0-02d90aa20388
-32.69,28.73,-34.71,187,2068320.00,4333650.00,3795510.00,2025-06-20 02:04:42,2025-06-20 02:14:42,bd35df07-1137-4d3c-822e-6e313a18e6e9
-21.93,5.03,-34.45,36,2389240.00,6799650.00,6106930.00,2025-06-20 02:19:42,2025-06-20 02:29:42,630570da-96bf-4b43-a422-47c08a76ed8b
-10.47,25.00,-18.10,278,5784750.00,9030370.00,10571450.00,2025-06-20 02:34:42,2025-06-20 02:44:42,4b0a8648-aa84-4d44-b33b-f873f365cbb7
-33.05,8.50,-45.44,231,3760100.00,4591570.00,8137200.00,2025-06-20 02:49:42,2025-06-20 02:59:42,b4b74b73-0286-4ee1-8c28-c91ce9fa6f3f
-4.49,35.97,-20.16,97,256630.00,2106440.00,2808400.00,2025-06-20 03:04:42,2025-06-20 03:14:42,d55dc36c-8ebf-4655-853e-d9a3051978d9
-17.84,29.00,-21.81,123,4337760.00,35898710.00,68671700.00,2025-06-20 03:19:42,2025-06-20 03:29:42,a1d2b330-a825-411b-a88d-f37523f9eb55
89.19,107.50,0.00,96,2947650.00,11059760.00,7811380.00,2025-06-20 03:34:42,2025-06-20 03:44:42,cf0c1b90-4f1a-4726-a79c-11294785042c
45.99,45.99,-18.81,285,790330.00,7576380.00,11211110.00,2025-06-20 03:49:42,2025-06-20 03:59:42,7861d8f4-444e-4585-8c66-b48a5821d0ee
-1.67,16.86,-18.17,144,3777450.00,35631710.00,11256730.00,2025-06-20 04:04:42,2025-06-20 04:14:42,fb6cd852-90ae-45c9-84ee-96bd734150a6
15.75,25.36,-27.57,291,2036100.00,8068360.00,15368260.00,2025-06-20 04:19:42,2025-06-20 04:29:42,a718be29-d984-42ab-843b-4265866806d4
7.00,10.30,-18.40,273,2138970.00,2532530.00,3702810.00,2025-06-20 04:34:42,2025-06-20 04:44:42,ea3d95dd-8f99-4c46-9166-a748ea640c7a
11.23,40.36,-5.31,81,5854420.00,6938240.00,10760650.00,2025-06-20 04:49:42,2025-06-20 04:59:42,59594a90-532e-4a1a-a441-d5f5a19c80fb
15.26,34.51,-23.72,127,5618450.00,35621650.00,57682150.00,2025-06-20 05:04:42,2025-06-20 05:14:42,8627296e-d532-4e2b-9182-07aa22f929d7
29.25,32.25,-10.04,79,3225490.00,5486900.00,5852780.00,2025-06-20 05:19:42,2025-06-20 05:29:42,4c46e00d-ccf4-407f-ae94-b992d2ef9bc0
-43.82,12.64,-46.50,197,1706480.00,3664220.00,2034580.00,2025-06-20 05:34:42,2025-06-20 05:44:42,a2dd1d15-2efe-4b7a-a0c8-fd400257775d
-13.71,5.12,-36.89,282,2580140.00,19273630.00,34176750.00,2025-06-20 05:49:42,2025-06-20 05:59:42,13b6b625-d9cb-43c6-bab3-66708cf950b9
-33.13,2.40,-33.21,128,4783330.00,24783630.00,16840690.00,2025-06-20 06:04:42,2025-06-20 06:14:42,19818a46-58bb-4354-8c95-06273d4b6f3c
-6.71,36.79,-20.22,298,5126350.00,50782640.00,54430730.00,2025-06-20 06:19:42,2025-06-20 06:29:42,21a67584-80cd-4327-969b-4826f7c722e1
-33.91,0.00,-39.83,59,2822920.00,19631650.00,8865860.00,2025-06-20 06:34:42,2025-06-20 06:44:42,db5c717c-b93c-4344-93ec-e6c0237c371e
3.22,28.29,-13.95,90,3836930.00,12222540.00,10086260.00,2025-06-20 06:49:42,2025-06-20 06:59:42,df61f91d-1261-48fc-876e-ca7356582a92
49.02,60.48,-17.72,272,4178630.00,10378330.00,10076440.00,2025-06-20 07:04:42,2025-06-20 07:14:42,386bdca3-7f0e-46f6-a1dd-3bd299c2a57f
-16.10,23.74,-28.72,131,1424470.00,10227090.00,16190720.00,2025-06-20 07:19:42,2025-06-20 07:29:42,76710ccf-7849-4008-8ae7-e18609852379
12.50,25.43,-30.40,291,1663650.00,12357390.00,19465310.00,2025-06-20 07:34:42,2025-06-20 07:44:42,73d37c98-458c-4a2b-9d2c-f72ff3d85779
13.97,31.96,-11.09,200,5915280.00,46538390.00,80472870.00,2025-06-20 07:49:42,2025-06-20 07:59:42,bdb7ea8b-f192-47a0-950e-b4f8bb3bd213
102.08,102.08,-22.87,253,4301410.00,42578720.00,82029000.00,2025-06-20 08:04:42,2025-06-20 08:14:42,83865b8b-d792-49f9-bdc8-fc98ed4c1027
31.16,58.46,-21.38,247,3546880.00,34512090.00,51405090.00,2025-06-20 08:19:42,2025-06-20 08:29:42,146e552c-1f5a-4607-829f-d041f68b5458
-39.92,6.49,-44.39,238,3971570.00,26100450.00,40692450.00,2025-06-20 08:34:42,2025-06-20 08:44:42,90d39fd3-2512-41e4-adf8-6dec9b391ecd
-72.63,3.42,-73.97,122,1845600.00,13909580.00,8500640.00,2025-06-20 08:49:42,2025-06-20 08:59:42,1601c1c5-9b5c-4f23-a9e9-c9873003d37a
1.38,39.24,-8.27,96,273240.00,466470.00,350210.00,2025-06-20 09:04:42,2025-06-20 09:14:42,272198bf-4866-475a-a845-bd1fba71ee93
180.98,181.53,-10.10,150,4715390.00,18505190.00,7032350.00,2025-06-20 09:19:42,2025-06-20 09:29:42,8ff40faf-13de-4ae8-b955-1f67a9edd8da
-47.00,14.11,-51.59,85,2325250.00,11250340.00,13580960.00,2025-06-20 09:34:42,2025-06-20 09:44:42,88641920-d4fd-4ee8-bb14-07962aad57c3
-32.66,12.10,-32.66,287,714950.00,4240520.00,4595910.00,2025-06-20 09:49:42,2025-06-20 09:59:42,a8c3e550-e172-4610-81d2-f7b6080b0b2d
-4.55,28.28,-10.19,293,4323170.00,10835040.00,4227280.00,2025-06-20 10:04:42,2025-06-20 10:14:42,6455e7ad-a123-4379-bcf4-267766e96d6e
-17.82,16.94,-46.09,96,5350710.00,37432540.00,23752670.00,2025-06-20 10:19:42,2025-06-20 10:29:42,99c36a4f-8b5d-4bd6-b7b6-c5a608bc6102
-18.59,23.29,-20.47,95,1938540.00,13429490.00,22857260.00,2025-06-20 10:34:42,2025-06-20 10:44:42,dbd4ecd5-397e-48ef-b3ef-0ee3c406e232
-12.80,22.74,-36.88,91,4820510.00,7334630.00,10889110.00,2025-06-20 10:49:42,2025-06-20 10:59:42,280312d9-e3f5-49a8-a121-b06bf69b0bf4
-15.95,0.00,-35.17,198,3576390.00,14819430.00,20705860.00,2025-06-20 11:04:42,2025-06-20 11:14:42,4c0b988f-77d4-4a9c-8e13-4a1f1a597e72
20.62,28.03,-8.88,298,80070.00,580370.00,1001180.00,2025-06-20 11:19:42,2025-06-20 11:29:42,36f83502-701d-434a-be3b-2fd324447a19
24.72,41.32,-28.77,289,2402540.00,3311700.00,3211920.00,2025-06-20 11:34:42,2025-06-20 11:44:42,dd4911d5-90f8-440c-8162-f138c5ab2816
-23.72,7.21,-38.63,169,5793150.00,32833000.00,19863690.00,2025-06-20 11:49:42,2025-06-20 11:59:42,409d600b-62a5-4228-8d9d-3e77aad74883
-10.66,2.73,-25.09,128,2479970.00,6350960.00,12631160.00,2025-06-20 12:04:42,2025-06-20 12:14:42,1ad00694-b864-490b-b31f-a6ae89ad2f34
-16.12,22.99,-25.22,157,2831140.00,20647980.00,19609370.00,2025-06-20 12:19:42,2025-06-20 12:29:42,8a20aa7c-5046-4665-9f78-c6361daa1dd5
20.72,34.90,-21.24,57,5570280.00,39516420.00,25452460.00,2025-06-20 12:34:42,2025-06-20 12:44:42,426b1287-ff42-4824-a7f9-171ce4ff7e07
1.07,12.35,-17.04,34,946550.00,3267090.00,4575120.00,2025-06-20 12:49:42,2025-06-20 12:59:42,0adf7dce-055b-417c-b737-1d06967fae9c
-39.93,0.18,-50.58,153,5874010.00,43073900.00,69141320.00,2025-06-20 13:04:42,2025-06-20 13:14:42,7fd98c14-49b1-4db8-915b-cd4a206a1bb9
-53.14,12.64,-58.36,59,1484550.00,14445030.00,12365550.00,2025-06-20 13:19:42,2025-06-20 13:29:42,48c074fa-dcd4-4c54-ae0b-a16c179b480c
-19.38,1.38,-47.13,106,3383090.00,10061460.00,4640160.00,2025-06-20 13:34:42,2025-06-20 13:44:42,d20052f1-6132-4cb5-bbde-ea47448848e2
-0.94,46.41,-7.82,149,5017940.00,9843800.00,8871630.00,2025-06-20 13:49:42,2025-06-20 13:59:42,be3c7aa3-2029-4ff9-8454-6c6a745c1dd5
59.95,78.80,-6.98,110,4317280.00,41152980.00,37078850.00,2025-06-20 14:04:42,2025-06-20 14:14:42,b0d3a4df-b481-417e-a006-ef0a27930c30
-33.20,0.48,-45.17,294,5153020.00,23426140.00,28694430.00,2025-06-20 14:19:42,2025-06-20 14:29:42,27d22d49-c218-4add-8e8c-b0e8c0becec1
-23.39,31.86,-34.37,261,3288260.00,13943490.00,20899940.00,2025-06-20 14:34:42,2025-06-20 14:44:42,558731eb-5079-49ab-8ea1-1d10078591bb
45.13,64.37,-3.78,100,4606210.00,44630440.00,71231120.00,2025-06-20 14:49:42,2025-06-20 14:59:42,86351c30-8517-468a-a656-aa9b2934ada9
-20.77,15.98,-32.61,125,2123160.00,16647000.00,22208910.00,2025-06-20 15:04:42,2025-06-20 15:14:42,0d46c169-3968-4aff-a6b0-73b0ec811087
0.79,41.39,-10.69,89,5705410.00,35290910.00,19837030.00,2025-06-20 15:19:42,2025-06-20 15:29:42,0975fcf3-0c20-4db2-a1f0-f2d5f20fc3ce
-43.45,29.34,-43.45,92,5850320.00,13422000.00,21120890.00,2025-06-20 15:34:42,2025-06-20 15:44:42,f4d35f74-787f-4d22-916a-f7c30522b0bb
-67.05,11.16,-69.80,148,3763460.00,22458610.00,17294190.00,2025-06-20 15:49:42,2025-06-20 15:59:42,6a5b850f-f9b6-41ac-a297-9eff16916185
-39.38,0.00,-42.71,60,4295800.00,13218500.00,24102720.00,2025-06-20 16:04:42,2025-06-20 16:14:42,55a585dd-e3a8-4019-8c75-1a2620dc0bd5
51.71,72.90,-13.23,150,2431320.00,21689610.00,29014140.00,2025-06-20 16:19:42,2025-06-20 16:29:42,88629583-88d5-4bc2-b69a-a4d095ed2510
-48.07,10.70,-48.77,166,5256120.00,32162760.00,23307730.00,2025-06-20 16:34:42,2025-06-20 16:44:42,9143ecf1-ff0c-42a6-a35d-1b29aff14234
-60.39,13.44,-61.21,254,1247440.00,12280830.00,9909160.00,2025-06-20 16:49:42,2025-06-20 16:59:42,19421592-60a6-4fff-a870-0bba15e9f164
-1.15,21.48,-16.25,99,4603820.00,38320700.00,25613620.00,2025-06-20 17:04:42,2025-06-20 17:14:42,e033f572-873b-455a-b2c3-ce0ed992c4b9
92.45,124.86,-6.39,231,975210.00,9257990.00,3869280.00,2025-06-20 17:19:42,2025-06-20 17:29:42,24c7bea7-5839-4e03-89d8-17b4723aaf97
20.12,29.48,-35.13,251,5539840.00,6892850.00,968130.00,2025-06-20 17:34:42,2025-06-20 17:44:42,954992d7-3904-488f-90da-8e31a880c253
-62.02,17.40,-62.02,95,3534790.00,17449260.00,10810540.00,2025-06-20 17:49:42,2025-06-20 17:59:42,ee133ec7-ef3b-485e-acdf-4721acd262ce
-28.14,0.00,-48.62,75,1282780.00,11157770.00,17027580.00,2025-06-20 18:04:42,2025-06-20 18:14:42,1f038f4d-7609-4935-91ab-0cbbb5aa10c8
15.58,32.32,-2.20,103,5219080.00,6729600.00,2200230.00,2025-06-20 18:19:42,2025-06-20 18:29:42,0652bf54-01cf-4352-b151-da3573ec2ce5
-35.61,12.39,-41.79,289,1775540.00,15913060.00,6967400.00,2025-06-20 18:34:42,2025-06-20 18:44:42,c55ae5b9-5b62-4933-8f78-5f6cceab2b4c
15.08,45.69,0.00,176,1054620.00,1960870.00,1342290.00,2025-06-20 18:49:42,2025-06-20 18:59:42,9372cbbc-d1ec-4e8d-9f70-ac3b8393d12a
53.74,62.92,-13.66,299,3695600.00,22258560.00,40098720.00,2025-06-20 19:04:42,2025-06-20 19:14:42,5456eef7-1f8c-4876-afdf-c0325eb16827
-38.12,7.75,-48.07,144,295510.00,1803060.00,2049200.00,2025-06-20 19:19:42,2025-06-20 19:29:42,39327f34-f8c6-4cdf-84e5-4e61a30160a0
-14.09,52.40,-16.45,142,1761990.00,3964040.00,3903390.00,2025-06-20 19:34:42,2025-06-20 19:44:42,f243a192-e638-4883-8dab-d8e49f686bcb
72.99,107.22,-5.95,88,707050.00,3756890.00,6635480.00,2025-06-20 19:49:42,2025-06-20 19:59:42,eec0afa8-52d2-4d72-8b6e-ad3a2a1693f7
-21.91,17.94,-34.44,266,3061560.00,10732520.00,14606450.00,2025-06-20 20:04:42,2025-06-20 20:14:42,72ad8202-3b85-4d46-88d2-acf2b847e859
-14.25,6.80,-20.44,191,3581120.00,9165400.00,8918280.00,2025-06-20 20:19:42,2025-06-20 20:29:42,b976954f-82b5-4055-a25e-f94bd8f596a8
-8.37,62.29,-11.12,32,3738660.00,33524260.00,7343980.00,2025-06-20 20:34:42,2025-06-20 20:44:42,da37c4b7-57fc-45f7-860e-14a60cf90f68
22.24,54.69,0.00,30,3292670.00,18508290.00,14203410.00,2025-06-20 20:49:42,2025-06-20 20:59:42,255044cc-4a67-40a3-8727-3c27f953bd4c
101.83,101.83,-0.45,295,1688550.00,13373030.00,25708900.00,2025-06-20 21:04:42,2025-06-20 21:14:42,a1da4244-96af-4832-9a44-0bd66bd083b2
-35.83,0.35,-50.65,232,3726150.00,16627590.00,8439130.00,2025-06-20 21:19:42,2025-06-20 21:29:42,8d8971a5-9c14-453a-967f-cf82a5f2ef7a
44.05,58.70,-12.46,100,953450.00,4548650.00,2174660.00,2025-06-20 21:34:42,2025-06-20 21:44:42,a50b6f24-f8b4-42e0-b83c-6b67bae0c987
-45.52,2.92,-45.59,86,2614960.00,15134980.00,19035920.00,2025-06-20 21:49:42,2025-06-20 21:59:42,243fb58f-3fb6-488b-b1ba-bb890537b160
-10.15,21.54,-13.61,131,4909120.00,21650980.00,24620970.00,2025-06-20 22:04:42,2025-06-20 22:14:42,d2ddd19b-2912-4c38-94c0-1d649900218b
-17.90,13.75,-36.35,273,750350.00,1444340.00,525250.00,2025-06-20 22:19:42,2025-06-20 22:29:42,ce3c9e34-9820-4d45-8cea-417b7821c590
10.36,42.85,-4.08,287,2676500.00,4377470.00,959230.00,2025-06-20 22:34:42,2025-06-20 22:44:42,95dc5f2b-8a63-42e6-9147-91c767581c35
-10.99,17.91,-15.37,68,4266310.00,10615790.00,20901540.00,2025-06-20 22:49:42,2025-06-20 22:59:42,f3bb5ea1-2faa-42d2-baae-20cb9f8cea14
21.64,42.14,-23.66,162,4013490.00,22537320.00,21792590.00,2025-06-20 23:04:42,2025-06-20 23:14:42,fbe32adc-511d-42cf-b970-c072cb459111
25.48,55.34,-17.95,157,3895850.00,4452380.00,1955940.00,2025-06-20 23:19:42,2025-06-20 23:29:42,4a3ac856-1f5a-4b49-9f4c-ac8780800529
-22.38,25.81,-26.21,221,5608370.00,12522090.00,4134060.00,2025-06-20 23:34:42,2025-06-20 23:44:42,35e72ac3-0074-44ee-b335-22dc1da6fe24
-15.28,46.15,-15.28,51,2831900.00,16970960.00,28076990.00,2025-06-20 23:49:42,2025-06-20 23:59:42,263e1de8-57e5-4930-98c4-076187097e39
-19.22,35.43,-30.30,79,1055000.00,8280020.00,3803320.00,2025-06-21 00:04:42,2025-06-21 00:14:42,9f517e89-7309-480b-b687-2693cc3bdd80
-53.65,0.00,-54.52,247,4084010.00,15700540.00,21714960.00,2025-06-21 00:19:42,2025-06-21 00:29:42,685f9c55-fe4c-44fa-b157-5a2d67e71081
27.34,34.41,-23.25,109,4063870.00,7274350.00,13054550.00,2025-06-21 00:34:42,2025-06-21 00:44:42,571b2f31-6eae-4fcd-9b40-ecf37104d4ef
-31.32,10.57,-41.88,242,2157270.00,16804080.00,11160920.00,2025-06-21 00:49:42,2025-06-21 00:59:42,33c4d561-aca1-470c-857f-8aec882a32a9
-45.58,15.93,-45.58,90,1873780.00,17596910.00,33156050.00,2025-06-21 01:04:42,2025-06-21 01:14:42,acf8ff11-5d8c-4e3e-a882-68df82c87f68
52.58,52.58,-10.98,274,5439160.00,48398220.00,92852020.00,2025-06-21 01:19:42,2025-06-21 01:29:42,e0023b84-d13d-42b7-ac09-366057e2b7ba
-9.98,0.00,-36.40,83,3602430.00,30963280.00,33664050.00,2025-06-21 01:34:42,2025-06-21 01:44:42,191eb6eb-1cf9-4187-a7df-ca1e40ef1c5c
62.43,62.43,-8.47,163,2286950.00,5840930.00,7932310.00,2025-06-21 01:49:42,2025-06-21 01:59:42,b6383900-6a47-48ea-b810-6ade51e93f76
20.29,65.28,-5.20,58,3736870.00,11450020.00,3577500.00,2025-06-21 02:04:42,2025-06-21 02:14:42,a47bf92a-a68d-423d-93c2-335452be8bda
-6.24,42.82,-14.63,235,2236870.00,5807620.00,4684140.00,2025-06-21 02:19:42,2025-06-21 02:29:42,531b1df3-e725-467a-9ad1-60c25b845c09
-37.17,15.14,-39.16,75,3970390.00,31680510.00,28513250.00,2025-06-21 02:34:42,2025-06-21 02:44:42,5c3896cd-f280-4080-95e4-861001afb67b
100.65,108.18,-10.91,191,5062330.00,16579220.00,23581940.00,2025-06-21 02:49:42,2025-06-21 02:59:42,267ac2bf-f9ad-4138-a7a5-dfcadb8b0734
-40.83,0.00,-50.27,283,5519370.00,46672950.00,17614860.00,2025-06-21 03:04:42,2025-06-21 03:14:42,61c727e4-98ac-4d4c-b4f0-cda8f5e0174e
46.64,47.80,-9.17,181,4881650.00,19848510.00,3382720.00,2025-06-21 03:19:42,2025-06-21 03:29:42,d69813b7-042b-4868-80e9-ba1139b568a1
72.11,83.77,-11.38,93,135660.00,912120.00,1210790.00,2025-06-21 03:34:42,2025-06-21 03:44:42,754a5b14-14fe-4312-8ec1-075492c01003
-31.70,0.00,-41.96,288,1068370.00,2580170.00,2351530.00,2025-06-21 03:49:42,2025-06-21 03:59:42,8c63ecff-d9f0-4674-ae2f-82d23ce4d1d0
-63.25,9.67,-63.25,299,4957670.00,26259990.00,44293300.00,2025-06-21 04:04:42,2025-06-21 04:14:42,0bb60418-ac4c-43e3-8f84-4c4d4c231f2b
8.92,34.22,-18.52,84,1914730.00,17191060.00,9519640.00,2025-06-21 04:19:42,2025-06-21 04:29:42,10013c53-dbb0-45eb-9ec2-7ebdd9c2391d
-7.81,10.25,-20.57,82,4794980.00,11065490.00,16830020.00,2025-06-21 04:34:42,2025-06-21 04:44:42,f6dfdbaf-9c51-407e-bfc1-bd9dcdb1e3f3
8.47,38.38,-10.89,202,526520.00,1619570.00,1572210.00,2025-06-21 04:49:42,2025-06-21 04:59:42,f17ac8ef-1ba5-4e59-9805-415400506bb1
-43.22,4.31,-51.96,206,3350720.00,19548690.00,7308920.00,2025-06-21 05:04:42,2025-06-21 05:14:42,6515a0f4-6f08-4ef1-90ab-e0530a19d4e7
-50.97,27.30,-53.04,98,4998020.00,35482150.00,7380420.00,2025-06-21 05:19:42,2025-06-21 05:29:42,3527a308-9ac7-482f-9244-c7ba08778517
7.73,8.32,-20.14,175,2999120.00,8683550.00,12782860.00,2025-06-21 05:34:42,2025-06-21 05:44:42,ea50218c-0813-4220-ad8e-65b951c9e67f
38.90,40.89,-12.34,88,1591230.00,6714110.00,4455510.00,2025-06-21 05:49:42,2025-06-21 05:59:42,838ba672-1aa8-424b-8826-075c5e94a9a2
-46.19,37.69,-46.84,180,4195330.00,22932960.00,27337090.00,2025-06-21 06:04:42,2025-06-21 06:14:42,d6b7f643-195f-42d2-be35-390daf2e07e6
35.94,37.33,-9.20,128,5512900.00,34646790.00,43644970.00,2025-06-21 06:19:42,2025-06-21 06:29:42,d1c87a81-c90f-4de8-af04-aeea64344ab5
-36.86,0.00,-52.74,271,5345390.00,23209130.00,39720150.00,2025-06-21 06:34:42,2025-06-21 06:44:42,2e817838-cb13-459b-b785-e165b6cffc15
39.53,61.21,0.00,222,1155550.00,10779910.00,12909510.00,2025-06-21 06:49:42,2025-06-21 06:59:42,7c4dde77-f4f4-48a3-9f88-2300ea82d73b
-30.83,13.28,-30.83,166,317140.00,340940.00,438180.00,2025-06-21 07:04:42,2025-06-21 07:14:42,d422f50f-d7c1-4138-a02f-0226c1f822d7
25.11,55.82,-4.10,274,4720580.00,17408520.00,2241600.00,2025-06-21 07:19:42,2025-06-21 07:29:42,0ce20fa4-2fc9-458e-be83-2423c689ad0c
-28.00,23.24,-33.16,72,479930.00,2858600.00,2887610.00,2025-06-21 07:34:42,2025-06-21 07:44:42,f9c0b739-ed00-40d2-9b49-a0fdbce951da
25.23,33.70,-40.61,286,4127050.00,26773650.00,29158440.00,2025-06-21 07:49:42,2025-06-21 07:59:42,1bea57c6-918c-4913-a485-4a87e2f2a4db
-23.38,0.00,-44.38,280,926130.00,8344640.00,12800780.00,2025-06-21 08:04:42,2025-06-21 08:14:42,59c063e7-da0a-4da7-98f7-9aa33cb3a2e0
-37.03,23.57,-48.98,92,2625160.00,23029750.00,34394370.00,2025-06-21 08:19:42,2025-06-21 08:29:42,1c3fdc34-bdcb-431a-b0e1-39a5965919e7
-9.97,9.25,-30.95,105,509710.00,3053170.00,2896120.00,2025-06-21 08:34:42,2025-06-21 08:44:42,50108f4f-464f-4ebe-9689-3e8035c7c636
-29.27,11.08,-38.36,58,2048730.00,18009180.00,22298650.00,2025-06-21 08:49:42,2025-06-21 08:59:42,1bf22e06-9e06-4a93-9ff8-de9324c7bdc9
3.96,17.56,-19.40,152,1572210.00,13032640.00,17221350.00,2025-06-21 09:04:42,2025-06-21 09:14:42,5a1568aa-659a-4d0e-8bed-28ce2b2fb0af
0.26,25.30,-8.00,207,1705860.00,9123040.00,12445010.00,2025-06-21 09:19:42,2025-06-21 09:29:42,e20cd575-4fa5-4a55-bd5c-174c38ab5fed
47.09,63.09,-30.27,53,261630.00,2506340.00,1101890.00,2025-06-21 09:34:42,2025-06-21 09:44:42,77940418-0947-4727-82bf-031655b136e2
18.69,43.19,-5.93,222,1826990.00,12277550.00,2765660.00,2025-06-21 09:49:42,2025-06-21 09:59:42,1bd37427-6516-4663-b919-5fd33643dcd0
-22.00,24.47,-23.50,245,1456490.00,12466560.00,5460540.00,2025-06-21 10:04:42,2025-06-21 10:14:42,bdd9a4e2-1639-4547-900b-96b90ce6afac
-48.58,1.94,-51.45,246,2287690.00,22089530.00,33050180.00,2025-06-21 10:19:42,2025-06-21 10:29:42,452a80c7-fdef-47e0-82e2-5d84952b5b91
-5.74,13.47,-19.73,119,752190.00,5496870.00,6832070.00,2025-06-21 10:34:42,2025-06-21 10:44:42,f8487550-9675-4850-9a35-884484bf9ca5
27.04,37.74,0.00,200,4828290.00,24412020.00,47196750.00,2025-06-21 10:49:42,2025-06-21 10:59:42,a1210dab-b0b7-45a6-9b33-1c13f2418352
-39.81,30.44,-39.81,108,661820.00,823770.00,1253040.00,2025-06-21 11:04:42,2025-06-21 11:14:42,16fa22cf-5e20-4c46-8c13-48bb90fc456d
14.81,74.09,-11.51,127,5974300.00,39270870.00,48885930.00,2025-06-21 11:19:42,2025-06-21 11:29:42,689110a9-1da4-491c-8116-254131534e7b
-26.36,9.70,-28.07,129,4658780.00,43714370.00,30184960.00,2025-06-21 11:34:42,2025-06-21 11:44:42,eb9a461e-e83b-4b3b-aa90-e2e360b8e94f
-38.91,38.38,-38.91,93,1442520.00,12049870.00,13214710.00,2025-06-21 11:49:42,2025-06-21 11:59:42,1bf1e39e-d96a-4d0a-9ec9-11e93c501b92
26.51,31.58,-12.73,232,3750060.00,26386740.00,16696740.00,2025-06-21 12:04:42,2025-06-21 12:14:42,e132dddb-3b8f-446f-ac5c-73db5a390761
-7.15,1.12,-28.72,134,1099980.00,8264560.00,15851140.00,2025-06-21 12:19:42,2025-06-21 12:29:42,5eb0f6a1-a640-409e-a528-1e0cbcc4d3d9
3.98,19.47,-19.52,254,1896530.00,12033400.00,20961570.00,2025-06-21 12:34:42,2025-06-21 12:44:42,e06242f1-fd03-4b74-961b-30bc1baa08cb
-8.48,39.27,-18.21,156,4021410.00,23329330.00,18815600.00,2025-06-21 12:49:42,2025-06-21 12:59:42,f7968b69-943d-412a-a1b4-1ddc105acf4b
94.62,108.35,-3.71,90,3042650.00,12384780.00,3359750.00,2025-06-21 13:04:42,2025-06-21 13:14:42,3aa17775-e0ad-41e1-8b7f-b47d9b661fe7
-7.61,0.00,-39.32,131,2430350.00,23993870.00,22455330.00,2025-06-21 13:19:42,2025-06-21 13:29:42,34fd358a-528b-4d6c-b497-c9d61c64ac8b
6.33,21.49,-20.31,290,5782080.00,31272580.00,12247140.00,2025-06-21 13:34:42,2025-06-21 13:44:42,0f22139c-a999-4b3f-b69e-da6e15f2d035
-28.13,9.35,-30.83,54,1210230.00,5689980.00,10570930.00,2025-06-21 13:49:42,2025-06-21 13:59:42,fd1cf549-79f1-42a6-88ef-c3b8f98ce928
8.65,58.57,-6.46,213,750620.00,778660.00,493920.00,2025-06-21 14:04:42,2025-06-21 14:14:42,6ddb3d44-c271-4c23-87db-56d39972e9ad
-33.55,9.21,-39.36,78,2478400.00,5012260.00,1029080.00,2025-06-21 14:19:42,2025-06-21 14:29:42,e87696d0-96be-4df2-8897-a395f0fcb776
45.85,64.36,-2.05,149,84130.00,410810.00,300060.00,2025-06-21 14:34:42,2025-06-21 14:44:42,13b4ec1f-3a3d-4dbf-9be5-c807b463cd86
-10.80,20.66,-18.86,156,5901020.00,43848470.00,33760310.00,2025-06-21 14:49:42,2025-06-21 14:59:42,c6235475-bb27-48ee-985f-76e6f61bb889
24.74,49.47,-2.97,207,4421120.00,22214520.00,35106020.00,2025-06-21 15:04:42,2025-06-21 15:14:42,1a375a44-b235-4957-8e2a-1d08b8184bac
-0.17,34.17,-14.00,271,3467830.00,4761440.00,6597930.00,2025-06-21 15:19:42,2025-06-21 15:29:42,d6f8e066-b1b4-4a54-a5fb-71aa247784e9
-10.97,13.29,-27.84,145,1096310.00,7915680.00,11059100.00,2025-06-21 15:34:42,2025-06-21 15:44:42,bb7b8944-da62-4a95-a3b5-9eaf090f3903
38.97,58.23,-6.00,294,4033920.00,14419340.00,17865660.00,2025-06-21 15:49:42,2025-06-21 15:59:42,c64820f6-9758-4d83-ac49-c2e7f6dea277
-29.98,2.58,-41.72,292,1504380.00,13618310.00,8478670.00,2025-06-21 16:04:42,2025-06-21 16:14:42,e6c01605-64dd-43f2-b290-5c67a5c8fadb
27.96,115.43,-4.15,133,3002920.00,23425070.00,4292760.00,2025-06-21 16:19:42,2025-06-21 16:29:42,ce6e995f-dd9b-47b8-9136-50ba3384f989
-54.91,19.76,-54.91,45,4913320.00,19646960.00,33750210.00,2025-06-21 16:34:42,2025-06-21 16:44:42,54097725-2f9d-4fd7-9094-ce71fa6f85ec
-49.26,25.73,-50.00,112,4359530.00,14057370.00,14462360.00,2025-06-21 16:49:42,2025-06-21 16:59:42,68ca25e1-090c-41e5-84f8-c9096f1d3f5e
-56.59,1.85,-57.13,136,3559090.00,32883480.00,37751250.00,2025-06-21 17:04:42,2025-06-21 17:14:42,ce0ac3a6-0839-4c0c-b123-e66a3843d239
-15.72,40.92,-28.90,117,5179490.00,32678970.00,22762330.00,2025-06-21 17:19:42,2025-06-21 17:29:42,04aaa514-48ef-422c-928f-3dee461615bc
-31.29,4.47,-44.36,103,734340.00,7334550.00,4659110.00,2025-06-21 17:34:42,2025-06-21 17:44:42,0d4dc6b3-5d72-4239-9e92-107ace9238b5
-35.41,11.26,-36.18,33,2523990.00,24967310.00,30020460.00,2025-06-21 17:49:42,2025-06-21 17:59:42,077b9331-e9d7-4388-b48d-bb91a229f778
13.62,37.61,-4.99,206,1578540.00,15373930.00,11071590.00,2025-06-21 18:04:42,2025-06-21 18:14:42,9dd09b07-8411-4e15-9c87-a97346d76c4b
-22.92,40.99,-22.92,142,3487030.00,23798020.00,18815480.00,2025-06-21 18:19:42,2025-06-21 18:29:42,38d98e2c-92b1-43f5-881a-7828beb34dde
7.41,21.40,-9.45,180,5197430.00,24474520.00,25974140.00,2025-06-21 18:34:42,2025-06-21 18:44:42,ac0a7906-db15-487f-91e7-e4fae6b9a694
62.68,62.68,-1.36,251,5266770.00,13779870.00,15812460.00,2025-06-21 18:49:42,2025-06-21 18:59:42,69d5bc9e-5888-4927-9192-9bfc847c60d9
32.16,90.50,-14.21,180,1621950.00,4388230.00,5608390.00,2025-06-21 19:04:42,2025-06-21 19:14:42,2fad363d-e6e0-46ed-b2b6-e719a99180f3
-6.35,56.10,-15.08,136,3952580.00,25622880.00,18793260.00,2025-06-21 19:19:42,2025-06-21 19:29:42,5444f746-8a32-4823-ada6-fb5267acd87e
-42.92,15.02,-46.47,37,5877370.00,11274150.00,9913220.00,2025-06-21 19:34:42,2025-06-21 19:44:42,ecd151c1-b97c-4d7f-b91a-1b6b555f8676
-26.90,22.97,-26.90,88,5451030.00,11718000.00,16193750.00,2025-06-21 19:49:42,2025-06-21 19:59:42,4b26fecc-a2eb-47dc-a945-1539efa67483
-17.32,38.53,-21.78,39,537060.00,1311150.00,279040.00,2025-06-21 20:04:42,2025-06-21 20:14:42,af1705b7-91e2-425f-a54e-624c35549942
-20.55,2.42,-33.75,38,2489020.00,4179520.00,4802540.00,2025-06-21 20:19:42,2025-06-21 20:29:42,99a7c35e-dcb0-4eef-915e-91950eda6cda
58.87,61.96,-9.06,43,5935820.00,58011000.00,107493930.00,2025-06-21 20:34:42,2025-06-21 20:44:42,de557458-f832-4f9c-a383-337343cf233d
-32.41,22.86,-34.48,87,4891190.00,42374540.00,55511540.00,2025-06-21 20:49:42,2025-06-21 20:59:42,faddb773-b484-4435-b4d1-c87ff909b157
17.61,34.56,-15.17,62,3641040.00,18783650.00,9820020.00,2025-06-21 21:04:42,2025-06-21 21:14:42,c07988c4-4e17-45b9-9d27-92a0d62ccf99
10.33,23.64,-13.05,218,5766420.00,30934860.00,54355960.00,2025-06-21 21:19:42,2025-06-21 21:29:42,ebd76777-d515-4389-aa46-099339491e27
-56.35,3.75,-58.07,65,1286580.00,9438310.00,10281520.00,2025-06-21 21:34:42,2025-06-21 21:44:42,3cb2ccb8-3f11-4045-8e90-9985d4b8d5ab
-23.25,24.58,-32.76,217,4893320.00,13812730.00,2025220.00,2025-06-21 21:49:42,2025-06-21 21:59:42,db6e222d-5bc2-42f8-a997-9eeb6dc06ba9
-9.14,9.69,-24.67,164,747530.00,6767310.00,1119920.00,2025-06-21 22:04:42,2025-06-21 22:14:42,2cdbe1c6-0435-47f0-a244-c8d1436e8ac1
40.05,40.05,-15.13,277,3631310.00,8755580.00,13012490.00,2025-06-21 22:19:42,2025-06-21 22:29:42,fc7e3534-63e6-46ce-a1bf-78f7fc306712
-48.38,4.92,-61.13,106,2407220.00,18917720.00,21907520.00,2025-06-21 22:34:42,2025-06-21 22:44:42,aea1351d-6cc8-4b6d-bfa6-173842540801
-1.29,10.41,-28.78,171,3222960.00,24382210.00,42910340.00,2025-06-21 22:49:42,2025-06-21 22:59:42,68a10d6a-2c10-4b69-8b27-4bb388ed0331
8.56,16.55,-20.28,216,2907180.00,19662060.00,25712880.00,2025-06-21 23:04:42,2025-06-21 23:14:42,0a0350e6-4bc8-475a-ae11-c01ff83cc7d2
46.03,85.95,-13.56,61,843120.00,4354790.00,2297040.00,2025-06-21 23:19:42,2025-06-21 23:29:42,413cfe3d-01c3-4021-9593-f13f2843a16c
-4.17,12.24,-33.67,229,1265400.00,10526890.00,12158770.00,2025-06-21 23:34:42,2025-06-21 23:44:42,cc833146-64f1-4429-a80c-8794bebcc868
28.70,70.26,-25.10,128,4162450.00,10749000.00,4575350.00,2025-06-21 23:49:42,2025-06-21 23:59:42,2beb104d-4c01-449a-a514-04c4193a649c
-26.23,42.48,-26.23,236,550000.00,3227150.00,6435620.00,2025-06-22 00:04:42,2025-06-22 00:14:42,214e8a1c-126e-452a-8209-a2578739f619
11.03,26.55,-11.02,298,1390210.00,8562350.00,13544540.00,2025-06-22 00:19:42,2025-06-22 00:29:42,181172ee-61b9-43eb-b6d0-e3a085d4fe55
-15.10,27.32,-23.97,39,3370390.00,6964260.00,10273500.00,2025-06-22 00:34:42,2025-06-22 00:44:42,ae017555-3a4f-4848-8892-db4e3fe68b54
-33.10,12.99,-46.04,84,1153230.00,1879990.00,2228890.00,2025-06-22 00:49:42,2025-06-22 00:59:42,8d5c3ad6-6c92-41f9-95e3-56f7f0cd5d4f
-40.13,7.87,-41.71,138,955910.00,9521300.00,3027850.00,2025-06-22 01:04:42,2025-06-22 01:14:42,1401994a-19f7-4b35-ba20-583c6f1b01b7
-6.34,18.34,-20.49,88,4861170.00,30459170.00,21273880.00,2025-06-22 01:19:42,2025-06-22 01:29:42,dc06e7d9-479e-4119-a793-0c8cd5e00cd0
37.03,37.03,-40.27,81,2531990.00,4737930.00,3423480.00,2025-06-22 01:34:42,2025-06-22 01:44:42,12328d0e-6223-46ff-b819-930b98318760
61.22,67.33,-3.48,163,5810490.00,47233710.00,62173470.00,2025-06-22 01:49:42,2025-06-22 01:59:42,535aa850-2fa3-4656-841e-81733ad5b8cc
-3.34,16.66,-14.58,198,4148580.00,5004230.00,5716560.00,2025-06-22 02:04:42,2025-06-22 02:14:42,f095fdc4-5e7e-447d-a184-3c6012d716d0
17.79,30.18,-15.17,224,5159910.00,7543480.00,11762810.00,2025-06-22 02:19:42,2025-06-22 02:29:42,cee44ec0-3452-4412-9e5f-23d77074699b
13.79,19.18,-15.06,271,3622720.00,27053620.00,28466260.00,2025-06-22 02:34:42,2025-06-22 02:44:42,a1ec6c49-0c93-46e9-87a1-518feb9d753e
63.80,71.81,-7.01,162,2845600.00,12198630.00,21240010.00,2025-06-22 02:49:42,2025-06-22 02:59:42,3dd4e871-cf70-4df2-a00e-3cafceef1e87
-0.67,6.74,-31.12,92,2920760.00,13503960.00,6257870.00,2025-06-22 03:04:42,2025-06-22 03:14:42,2ed52936-cab8-4ecb-98b1-98d67c0eea3e
6.70,27.90,-7.60,286,884660.00,3691080.00,2220760.00,2025-06-22 03:19:42,2025-06-22 03:29:42,d97cbcb7-8da1-488e-9c86-24bf83a94910
57.27,66.32,-2.47,68,4021570.00,25630820.00,9505380.00,2025-06-22 03:34:42,2025-06-22 03:44:42,60c71600-2790-46b4-90aa-fca074f35d76
-3.86,30.42,-11.48,183,2358550.00,21429290.00,42640140.00,2025-06-22 03:49:42,2025-06-22 03:59:42,eaa5c3cf-6fea-42df-81cf-44c7c6e3a352
-3.85,8.17,-18.53,62,1202220.00,9709250.00,13770980.00,2025-06-22 04:04:42,2025-06-22 04:14:42,0a97c0c3-b858-4c1b-9ca3-07a28c432ee8
2.73,13.49,-20.35,159,3577840.00,32008050.00,5233900.00,2025-06-22 04:19:42,2025-06-22 04:29:42,231f259e-fd17-4cfb-9412-22c63cc34d62
-15.88,8.18,-34.72,100,2204030.00,21184730.00,31635950.00,2025-06-22 04:34:42,2025-06-22 04:44:42,d481cb5d-c7d2-463a-af91-e91cd9900a6a
32.06,62.35,-0.63,246,4927140.00,30379860.00,13241430.00,2025-06-22 04:49:42,2025-06-22 04:59:42,ccf28265-aa4a-4248-8c1d-043892737ad5
-35.19,0.00,-47.31,287,1690330.00,9151070.00,4404370.00,2025-06-22 05:04:42,2025-06-22 05:14:42,95c059c7-c77d-47c2-ae6c-4bbab4e89be3
-0.52,5.87,-36.58,283,5037020.00,7334920.00,1730370.00,2025-06-22 05:19:42,2025-06-22 05:29:42,931338eb-e818-4761-b190-32806e2b1118
-4.76,4.26,-28.37,192,1380870.00,11380060.00,12592370.00,2025-06-22 05:34:42,2025-06-22 05:44:42,4601b537-4e5f-4b7f-8720-923083469f44
-12.27,3.77,-29.05,211,3968910.00,35750410.00,60070200.00,2025-06-22 05:49:42,2025-06-22 05:59:42,f1b95ec9-d05a-4ee3-9be8-c6f7e052a8ac
68.05,130.23,0.00,235,1689810.00,14309480.00,3327580.00,2025-06-22 06:04:42,2025-06-22 06:14:42,6dfcbacc-c83f-4176-8142-d38e1cb373e6
-44.80,10.15,-48.76,55,3019070.00,16964130.00,21556790.00,2025-06-22 06:19:42,2025-06-22 06:29:42,7254fe95-cc58-4611-9b5f-bd2f83b8100b
4.24,15.20,-6.66,278,4073740.00,8986630.00,13771520.00,2025-06-22 06:34:42,2025-06-22 06:44:42,134f0316-0cec-40d4-aa7c-8c8e5afc9c9f
-8.07,6.22,-23.69,257,732580.00,3622380.00,3260090.00,2025-06-22 06:49:42,2025-06-22 06:59:42,667afd47-5104-4d0c-a3a5-28803dd1da0c
-12.71,9.52,-26.29,71,5307900.00,21810990.00,8432680.00,2025-06-22 07:04:42,2025-06-22 07:14:42,67326876-a13a-43e9-aae0-efd2ff3b98f1
-12.12,5.29,-36.55,75,3026910.00,24651960.00,42691880.00,2025-06-22 07:19:42,2025-06-22 07:29:42,b2ff3b26-11a3-4f98-8045-3303763c2457
-38.16,40.02,-38.16,278,4292810.00,12126460.00,8128950.00,2025-06-22 07:34:42,2025-06-22 07:44:42,b635e49e-2cfa-4f28-b922-335d9c39c325
-27.44,31.28,-32.12,167,343800.00,675130.00,658200.00,2025-06-22 07:49:42,2025-06-22 07:59:42,eae69d0a-cd02-4f5b-83d0-b539cef7110f
-3.49,16.49,-19.70,244,673260.00,5281330.00,8218420.00,2025-06-22 08:04:42,2025-06-22 08:14:42,a1804cae-4fe2-4d5f-99f6-ca705f1a89f9
19.01,19.01,-36.08,193,3496080.00,24411540.00,14502050.00,2025-06-22 08:19:42,2025-06-22 08:29:42,56f715d1-a2d9-4f6d-8649-9bdcb1fe9bab
-28.33,7.71,-29.72,276,2561870.00,22121040.00,40720550.00,2025-06-22 08:34:42,2025-06-22 08:44:42,c7cada99-411b-4aa4-a30f-522ef8de0908
3.12,50.72,-15.85,157,5964210.00,40227400.00,5345890.00,2025-06-22 08:49:42,2025-06-22 08:59:42,46d989f5-266c-4231-9ff8-5003147aaaf5
1.48,35.75,-10.08,111,1286200.00,4774550.00,2074310.00,2025-06-22 09:04:42,2025-06-22 09:14:42,b229f338-6d68-49ba-90d1-2e6d029669da
-37.75,3.92,-45.78,287,4845500.00,41570320.00,19234830.00,2025-06-22 09:19:42,2025-06-22 09:29:42,a09cbb6f-3f82-46b2-801d-332b02dcac3e
56.68,158.89,-2.12,285,3529680.00,27784900.00,13922840.00,2025-06-22 09:34:42,2025-06-22 09:44:42,dcf4c3bb-b8a5-4524-963b-91779648b36e
-3.44,0.00,-43.77,65,2963710.00,12742160.00,7272960.00,2025-06-22 09:49:42,2025-06-22 09:59:42,690eccd2-318d-4925-a2ab-48d5ef38b455
24.53,34.94,-32.18,295,5211680.00,29124890.00,31304430.00,2025-06-22 10:04:42,2025-06-22 10:14:42,867d371b-7f0a-4c6c-8e7f-53460e34958d
-27.70,21.83,-44.51,278,3858550.00,10957390.00,9378480.00,2025-06-22 10:19:42,2025-06-22 10:29:42,09248abb-1674-42c3-8427-2022368567ba
2.61,20.41,-16.89,236,5550730.00,25835790.00,20348020.00,2025-06-22 10:34:42,2025-06-22 10:44:42,594f6690-5023-4137-8334-20bb575be639
-28.61,8.63,-28.61,243,1465620.00,8505030.00,4940120.00,2025-06-22 10:49:42,2025-06-22 10:59:42,791ed16d-6dcd-4969-8946-f806d3971563
-40.81,5.90,-41.38,99,699300.00,4573030.00,7549340.00,2025-06-22 11:04:42,2025-06-22 11:14:42,d4bffeeb-3305-4503-8fe9-bdaec6c1dc8e
-44.30,0.00,-53.35,171,5433560.00,53874340.00,55637410.00,2025-06-22 11:19:42,2025-06-22 11:29:42,a9504252-53a9-430c-ac9c-26e52b5cc280
6.01,19.48,-32.81,287,1476090.00,6736170.00,6791380.00,2025-06-22 11:34:42,2025-06-22 11:44:42,a2f54ae3-b9b3-4f34-a16f-88e40d8aea80
-25.31,9.90,-44.29,211,5167850.00,42404230.00,32438790.00,2025-06-22 11:49:42,2025-06-22 11:59:42,b9e3c27c-17f0-494d-a3f2-692bac600cbe
54.63,88.67,-12.84,210,829750.00,7529350.00,13211210.00,2025-06-22 12:04:42,2025-06-22 12:14:42,641741b5-ca06-4dc1-aaf8-f5729baf1308
-9.25,25.06,-13.22,173,1070790.00,10389600.00,3845270.00,2025-06-22 12:19:42,2025-06-22 12:29:42,6ea3e26c-9c7a-469d-97ad-4f2b2f6f492d
26.67,37.65,-12.62,174,4331770.00,40226880.00,56571210.00,2025-06-22 12:34:42,2025-06-22 12:44:42,6bb64f16-eea9-4c84-9f65-eb1205002cbe
75.66,80.34,-0.70,247,3416830.00,11613900.00,5012520.00,2025-06-22 12:49:42,2025-06-22 12:59:42,96f352c4-3a69-403a-80cf-b749fce6dede
35.81,41.10,-17.26,211,2497380.00,16811330.00,9394650.00,2025-06-22 13:04:42,2025-06-22 13:14:42,2acdbd19-bd74-4d22-a69a-df56ac06e6ce
14.53,34.08,-18.91,50,5287740.00,51918450.00,34800780.00,2025-06-22 13:19:42,2025-06-22 13:29:42,3fde572c-89e0-4ee0-99ea-16e9ae0ab71f
-14.57,0.00,-36.06,43,4374350.00,22331150.00,40413130.00,2025-06-22 13:34:42,2025-06-22 13:44:42,03732e79-1cca-40e3-88e0-6572008599f5
-10.01,39.18,-38.70,222,880600.00,2183740.00,3747120.00,2025-06-22 13:49:42,2025-06-22 13:59:42,c3de55d7-587f-43a0-9362-fd58c7fe030f
-38.34,2.84,-39.66,150,2257090.00,11165270.00,4277340.00,2025-06-22 14:04:42,2025-06-22 14:14:42,3921f224-9e31-4e5c-b219-bd7409062451
97.85,114.80,-6.01,207,2496800.00,14360130.00,4437180.00,2025-06-22 14:19:42,2025-06-22 14:29:42,5655a621-6182-4bff-8092-ad47947eb0f5
-34.00,0.00,-51.29,131,2455150.00,7179450.00,13058280.00,2025-06-22 14:34:42,2025-06-22 14:44:42,f4d4b924-308c-477a-b6f3-eadeb989ae05
50.50,55.69,0.00,185,2518250.00,9250250.00,18448610.00,2025-06-22 14:49:42,2025-06-22 14:59:42,b2845d92-d298-4e2c-b03c-c73d2ebc66bb
9.11,10.76,-20.76,35,4674110.00,40592390.00,66384620.00,2025-06-22 15:04:42,2025-06-22 15:14:42,ac609441-8140-4d18-9b18-8fa5b8049d71
-60.32,3.59,-62.48,30,4007860.00,31791640.00,53021650.00,2025-06-22 15:19:42,2025-06-22 15:29:42,9d0ea5a2-7562-4072-b3b5-775cc44bd7ad
15.00,21.81,-2.16,132,4472130.00,40681390.00,70328550.00,2025-06-22 15:34:42,2025-06-22 15:44:42,4c2f2663-14cd-492d-98ae-e2cb0527933c
-23.73,12.82,-23.73,196,1397300.00,8024840.00,16009230.00,2025-06-22 15:49:42,2025-06-22 15:59:42,b4ff73d4-d0e1-462e-960c-6a4d7c60e5a6
57.06,67.83,-4.22,156,3637690.00,29257760.00,50114790.00,2025-06-22 16:04:42,2025-06-22 16:14:42,d417d9d1-4ec3-4047-9b2d-7fc756fc8d70
15.90,64.36,-7.49,185,241940.00,1055720.00,1703770.00,2025-06-22 16:19:42,2025-06-22 16:29:42,a03d333f-5588-4622-92c2-1f672128e4d0
-34.79,29.23,-38.07,117,3386070.00,31562360.00,10798340.00,2025-06-22 16:34:42,2025-06-22 16:44:42,fc80a638-9dd7-43e3-b33e-a7126841d740
20.92,44.27,-5.65,114,2271000.00,7412710.00,11451240.00,2025-06-22 16:49:42,2025-06-22 16:59:42,2c3f542b-cb75-4d8a-8223-9263c67f5360
-6.16,18.98,-24.30,123,4360210.00,22958490.00,6387150.00,2025-06-22 17:04:42,2025-06-22 17:14:42,dc0cebf7-0705-4d3c-9768-faf264d871c7
20.83,20.83,-18.18,115,2888300.00,25841970.00,36238610.00,2025-06-22 17:19:42,2025-06-22 17:29:42,4c11f75d-5e12-4c97-a0d9-808e197bf29b
23.13,36.97,-13.67,266,758880.00,6856910.00,11296420.00,2025-06-22 17:34:42,2025-06-22 17:44:42,58d4c174-de5c-4e98-806b-e0a6187422e2
52.04,69.82,-28.21,295,1574810.00,5424460.00,10837300.00,2025-06-22 17:49:42,2025-06-22 17:59:42,26e41bd0-8e5f-416c-a862-675992da7b14
-30.12,0.00,-40.60,116,5112420.00,5468470.00,5730020.00,2025-06-22 18:04:42,2025-06-22 18:14:42,eeca3095-ae60-4d7f-87cc-60a2bc63df53
-24.07,25.28,-30.57,138,5239910.00,31856270.00,51970530.00,2025-06-22 18:19:42,2025-06-22 18:29:42,572a0928-9873-4e5d-8c19-84f15c0018b5
-34.17,2.24,-46.05,140,3579750.00,12099430.00,2783260.00,2025-06-22 18:34:42,2025-06-22 18:44:42,3e6567da-0bc8-49a2-85a4-90aae4d93fa8
-25.26,9.63,-26.61,252,3918070.00,14579460.00,7488610.00,2025-06-22 18:49:42,2025-06-22 18:59:42,02234c50-9725-477c-a8f4-f1a41ac654af
-20.07,22.68,-20.61,143,3326910.00,10435990.00,10994560.00,2025-06-22 19:04:42,2025-06-22 19:14:42,c7d56afd-6b38-4528-8ef9-4d2fb011bb9c
-4.72,20.32,-24.57,190,968130.00,6089660.00,11617990.00,2025-06-22 19:19:42,2025-06-22 19:29:42,6d2bdce3-6888-4e75-b352-26be2d5995d9
-13.54,13.13,-34.06,278,2343230.00,9433750.00,1059310.00,2025-06-22 19:34:42,2025-06-22 19:44:42,469a7375-e720-488b-9193-c2ddb44d6907
-54.54,3.47,-55.14,169,2468480.00,22727920.00,10035240.00,2025-06-22 19:49:42,2025-06-22 19:59:42,b3abf9db-8977-4a70-9266-30c254a2fb28
-10.86,4.90,-28.22,242,5908230.00,56133540.00,31368790.00,2025-06-22 20:04:42,2025-06-22 20:14:42,3f34bcef-c5bb-4e5f-a4b7-63e69c95caf3
-20.40,29.95,-24.74,107,1806610.00,13824400.00,15743060.00,2025-06-22 20:19:42,2025-06-22 20:29:42,ba646c7f-5297-4647-9f34-4dfc5cea62ea
4.74,21.69,-13.42,110,1112210.00,6125410.00,10229030.00,2025-06-22 20:34:42,2025-06-22 20:44:42,5888806f-066d-4fbe-b597-4c42b5fa2b3e
-32.27,9.40,-42.31,119,1263180.00,7865670.00,15292970.00,2025-06-22 20:49:42,2025-06-22 20:59:42,61d037b9-c847-45d0-a830-f91640723ca6
23.15,50.33,-37.49,62,5641940.00,56138250.00,92826950.00,2025-06-22 21:04:42,2025-06-22 21:14:42,19fba8ba-6104-46ec-a959-5b29412aee48
41.75,83.27,-6.27,216,3732260.00,22149900.00,40024990.00,2025-06-22 21:19:42,2025-06-22 21:29:42,35c6359a-f88e-4823-bb12-f0a60262cd8d
6.42,29.52,-15.91,35,848700.00,4109860.00,1675500.00,2025-06-22 21:34:42,2025-06-22 21:44:42,c760e121-4db8-4133-9453-4b0c198824f6
-41.49,3.99,-46.02,32,5201700.00,20278740.00,24588130.00,2025-06-22 21:49:42,2025-06-22 21:59:42,5a61b857-6023-4ccc-a873-07c625864b31
55.22,115.64,-2.39,242,2171570.00,13926690.00,10251630.00,2025-06-22 22:04:42,2025-06-22 22:14:42,de0accaf-2ab5-489e-aef3-eb885bda8ffd
-28.86,24.22,-39.37,57,4295340.00,25893900.00,11169560.00,2025-06-22 22:19:42,2025-06-22 22:29:42,4a7b0078-8533-4664-955c-63977e3d2d9b
44.14,61.88,-8.24,166,3910840.00,35996310.00,13473660.00,2025-06-22 22:34:42,2025-06-22 22:44:42,226dd299-831c-4cd6-b5e3-2a799b55b80e
-32.95,24.55,-38.32,146,427870.00,2951640.00,2616090.00,2025-06-22 22:49:42,2025-06-22 22:59:42,3d671e16-a6e0-4647-81f5-463a048f8f7c
-11.71,17.79,-34.27,119,5017580.00,12116580.00,18743260.00,2025-06-22 23:04:42,2025-06-22 23:14:42,f8b831cf-9840-4f61-9985-0183685733bd
-12.24,3.97,-33.71,38,2752550.00,18106000.00,30357390.00,2025-06-22 23:19:42,2025-06-22 23:29:42,4909d3f6-0b82-4646-940b-77dc347e15de
3.82,50.81,-4.38,59,2688030.00,23069960.00,23683570.00,2025-06-22 23:34:42,2025-06-22 23:44:42,47dcf3de-1ce6-4f70-aec6-64ade131085f
-46.02,14.29,-49.39,275,3360090.00,10222930.00,5088650.00,2025-06-22 23:49:42,2025-06-22 23:59:42,b631d10a-aafc-4e7c-aa7e-4ab1cb47937d
-57.26,22.71,-57.26,59,4830590.00,17616820.00,16619970.00,2025-06-23 00:04:42,2025-06-23 00:14:42,f1bd18fd-09f9-4193-bb49-95cade99f8f4
166.47,196.20,-6.85,117,1783660.00,16040000.00,9551220.00,2025-06-23 00:19:42,2025-06-23 00:29:42,658af37a-f96f-4ee9-b442-d1c7cf6504fd
-56.49,0.72,-56.78,172,3191350.00,19214480.00,9641180.00,2025-06-23 00:34:42,2025-06-23 00:44:42,91b6fdeb-f558-415c-9b94-7e3d7663530b
63.48,73.09,0.00,53,2784270.00,8327170.00,12712640.00,2025-06-23 00:49:42,2025-06-23 00:59:42,fac07ec8-a531-4b18-b8c3-00b44607cfa8
17.36,22.31,-20.74,274,5860520.00,22873760.00,10666460.00,2025-06-23 01:04:42,2025-06-23 01:14:42,b03c765e-1aaa-49de-9038-9562b8284bc3
-23.22,4.38,-41.68,93,3751810.00,10407870.00,7065950.00,2025-06-23 01:19:42,2025-06-23 01:29:42,8e101f6b-f893-460f-9a1e-340cf486d1b1
-26.45,8.14,-36.93,66,3518260.00,23872670.00,8947110.00,2025-06-23 01:34:42,2025-06-23 01:44:42,19ce0d10-5ffe-4caf-bf32-45a3c099d8e6
29.82,45.69,-7.51,114,3666530.00,14751740.00,27762850.00,2025-06-23 01:49:42,2025-06-23 01:59:42,f3912853-9930-4331-aaa8-6dde78401c0e
-22.71,11.47,-24.81,174,2970960.00,28919520.00,7529510.00,2025-06-23 02:04:42,2025-06-23 02:14:42,ea3cfaf0-ce48-4651-ba56-2fa16b4b8677
28.51,76.45,-13.15,136,3103580.00,29561090.00,51168240.00,2025-06-23 02:19:42,2025-06-23 02:29:42,2ead2419-ab5a-43ae-a636-fdf80d148315
40.74,99.50,0.00,122,5193100.00,23510930.00,14503700.00,2025-06-23 02:34:42,2025-06-23 02:44:42,94163167-5c11-41e5-8248-db0a54ff1d30
7.77,29.28,-10.33,107,3793490.00,37396620.00,52247010.00,2025-06-23 02:49:42,2025-06-23 02:59:42,5e9261e0-f6ef-4aa7-ba61-4e5c600637be
-22.10,0.79,-26.49,183,2293690.00,14214780.00,2773390.00,2025-06-23 03:04:42,2025-06-23 03:14:42,8fa87711-9aaa-46a7-9cdc-53f8c678e6fc
-27.34,19.40,-29.78,145,1476950.00,5803950.00,4346210.00,2025-06-23 03:19:42,2025-06-23 03:29:42,8fa3ff76-aded-4055-a20e-f499983f38cf
-43.96,0.00,-53.77,146,2253960.00,14203740.00,6186210.00,2025-06-23 03:34:42,2025-06-23 03:44:42,1c5778b5-087c-4be1-a183-8f5b9181720b
41.84,71.06,0.00,270,5448750.00,24145520.00,28459530.00,2025-06-23 03:49:42,2025-06-23 03:59:42,a2c767c3-e698-4833-a411-5505b527aa7d
-28.25,5.66,-31.49,132,4140340.00,20331170.00,6315730.00,2025-06-23 04:04:42,2025-06-23 04:14:42,a24c626e-8e3d-421e-990d-4673e4808d5b
-43.45,18.55,-46.70,226,619270.00,4300980.00,4843930.00,2025-06-23 04:19:42,2025-06-23 04:29:42,2e7f7f1c-3240-4021-9b06-8e75d8d619fd
20.38,53.70,-18.52,281,337290.00,939240.00,1781620.00,2025-06-23 04:34:42,2025-06-23 04:44:42,844aa293-b187-4427-9e5c-f3f706a1b42e
-59.40,2.58,-61.08,36,5077980.00,15433040.00,18267190.00,2025-06-23 04:49:42,2025-06-23 04:59:42,17d90480-69ed-4bc6-9f71-c2c21bd23943
38.01,54.40,-14.08,300,4446860.00,30518950.00,37667100.00,2025-06-23 05:04:42,2025-06-23 05:14:42,0ad337b8-19fb-440c-9974-8303f3b4f5e4
12.44,17.90,-18.29,168,2060990.00,19078160.00,7602270.00,2025-06-23 05:19:42,2025-06-23 05:29:42,f3532da2-ac1b-4109-9990-e2642a0bbae8
-35.06,3.90,-45.79,221,5416830.00,31875120.00,20735280.00,2025-06-23 05:34:42,2025-06-23 05:44:42,e8dc6d8f-b116-48ee-9538-dfb601466775
20.21,41.49,-12.68,200,1984720.00,9372800.00,15544810.00,2025-06-23 05:49:42,2025-06-23 05:59:42,09e7ce0b-3b52-41d0-b5b7-96fbd5e86143
-51.86,0.00,-54.46,195,3447110.00,31852900.00,14844300.00,2025-06-23 06:04:42,2025-06-23 06:14:42,79983561-cbe5-4155-a319-34681f6c4de3
-5.52,22.65,-20.07,245,2044500.00,13336660.00,12328520.00,2025-06-23 06:19:42,2025-06-23 06:29:42,8e01918c-160b-4355-ba06-532150950b26
-54.86,4.10,-54.86,280,5678660.00,44007920.00,83282550.00,2025-06-23 06:34:42,2025-06-23 06:44:42,ea6dc629-e9e6-4ba5-b05e-43175f23c132
-32.14,30.70,-33.20,296,5938450.00,6679090.00,12293990.00,2025-06-23 06:49:42,2025-06-23 06:59:42,4e6936c2-a948-42df-a75d-f4696d36bd65
71.31,78.48,-25.21,168,4063510.00,29559320.00,16275010.00,2025-06-23 07:04:42,2025-06-23 07:14:42,562c85a7-06f9-475e-b052-8de2eb4cc8e7
-28.59,0.00,-47.23,187,787930.00,5673540.00,1058730.00,2025-06-23 07:19:42,2025-06-23 07:29:42,7ada4619-da12-45b1-8d6f-65c1f1e561c8
-8.88,0.40,-35.94,106,1024630.00,8952280.00,14669130.00,2025-06-23 07:34:42,2025-06-23 07:44:42,4e188a1d-9dff-442b-95f0-a977cc89802f
-0.41,23.25,-19.40,75,2766290.00,17290490.00,20974020.00,2025-06-23 07:49:42,2025-06-23 07:59:42,ede3e780-c242-4fda-b8d7-2eb86adfb7aa
28.95,87.62,-15.42,33,1517580.00,11854390.00,11506660.00,2025-06-23 08:04:42,2025-06-23 08:14:42,3413e3e0-eab0-495b-b11e-ccdcea07bf6d
-10.23,6.05,-23.11,199,4027640.00,30566350.00,39426100.00,2025-06-23 08:19:42,2025-06-23 08:29:42,01941009-50eb-47d2-9028-cb113f9d1469
59.39,69.57,-26.52,104,1795110.00,14059530.00,25607480.00,2025-06-23 08:34:42,2025-06-23 08:44:42,e0ccb16d-93dd-464b-b55a-52d9567dc3d6
-0.86,32.14,-9.59,127,1850200.00,4644980.00,7053460.00,2025-06-23 08:49:42,2025-06-23 08:59:42,c260b3c4-c01b-47a0-8ed4-3bb4388b9618
22.11,54.34,-13.87,267,4359630.00,29488700.00,23577330.00,2025-06-23 09:04:42,2025-06-23 09:14:42,ba8a29c6-6f56-4fb3-989a-9eb79f6593a1
-31.67,14.25,-47.82,89,4055400.00,17443810.00,24309410.00,2025-06-23 09:19:42,2025-06-23 09:29:42,fdef1516-4c1d-4b04-ae08-07c7e32720f8
19.23,27.53,-27.17,283,1867000.00,13576630.00,7639140.00,2025-06-23 09:34:42,2025-06-23 09:44:42,b4ee8fc5-4d81-41cd-8901-f7583af3c956
-26.16,15.43,-26.16,223,4774510.00,13512110.00,16552270.00,2025-06-23 09:49:42,2025-06-23 09:59:42,35538374-f477-4720-aa92-7d068d3c1abd
-52.19,0.96,-52.19,208,758520.00,3083800.00,5738410.00,2025-06-23 10:04:42,2025-06-23 10:14:42,7f27fae4-4021-43db-9e25-c0e3811a0ced
7.81,37.14,-17.01,103,2580160.00,5326490.00,8187550.00,2025-06-23 10:19:42,2025-06-23 10:29:42,91459928-8fd1-49f5-867d-60baaea0a2fb
23.52,86.16,-3.77,206,2430070.00,3850510.00,2920930.00,2025-06-23 10:34:42,2025-06-23 10:44:42,32c6b960-d140-4dd7-8da4-e713a473e2aa
-23.66,0.00,-46.54,124,513500.00,2756060.00,1919450.00,2025-06-23 10:49:42,2025-06-23 10:59:42,b9faa221-cf64-4a37-ab21-db2b8b44aeb0
-9.49,38.24,-13.58,101,3913580.00,10397960.00,17101300.00,2025-06-23 11:04:42,2025-06-23 11:14:42,c50fd641-8674-4adf-bd73-c50c5c847e48
-21.44,25.19,-23.35,300,3032850.00,11701510.00,6571190.00,2025-06-23 11:19:42,2025-06-23 11:29:42,257dddd8-558a-4de1-8c20-6df479b05100
-17.44,22.50,-21.18,135,4671650.00,5411640.00,6615430.00,2025-06-23 11:34:42,2025-06-23 11:44:42,f7abe7c2-e358-43e0-b463-ae38856d0e33
32.75,50.81,-19.38,249,5458920.00,39207960.00,16458470.00,2025-06-23 11:49:42,2025-06-23 11:59:42,b116deab-8964-4d2c-8810-e9c333bdffa5
105.59,140.50,-0.76,134,4274340.00,10396260.00,15390090.00,2025-06-23 12:04:42,2025-06-23 12:14:42,7a402214-2862-44ca-8481-63add3191ad7
-37.94,6.54,-42.65,78,603600.00,2038160.00,1244830.00,2025-06-23 12:19:42,2025-06-23 12:29:42,64e83d03-393d-4cad-a7b7-b6c35a776269
-35.38,8.07,-38.76,49,1625430.00,9796130.00,18776120.00,2025-06-23 12:34:42,2025-06-23 12:44:42,b1fd7449-4257-4f3e-a308-6c9ce382c082
-6.00,11.78,-22.61,294,1011540.00,2709450.00,5292180.00,2025-06-23 12:49:42,2025-06-23 12:59:42,7efc307b-d4ea-4000-974b-f99d83564654
-49.62,3.58,-49.62,118,1139040.00,2762360.00,3665510.00,2025-06-23 13:04:42,2025-06-23 13:14:42,01365617-05e8-4f2a-89f4-3f1da26b0f94
79.60,134.36,-19.83,206,2817460.00,5359080.00,7481220.00,2025-06-23 13:19:42,2025-06-23 13:29:42,3f82a68b-523d-44f8-a8de-9b853d8eb484
165.95,165.95,0.00,185,2633210.00,23325800.00,30695490.00,2025-06-23 13:34:42,2025-06-23 13:44:42,fd33122d-acb7-416f-9722-a5b932a7a0d5
-28.90,0.95,-49.82,246,3421910.00,26998430.00,26852760.00,2025-06-23 13:49:42,2025-06-23 13:59:42,1858cced-61f6-40b8-8981-3c5300a3be8e
8.58,8.58,-28.58,194,5924430.00,53224700.00,39512890.00,2025-06-23 14:04:42,2025-06-23 14:14:42,fbe6e88a-13dd-439d-a6b9-b1732ae3dfcc
70.72,92.78,-3.32,46,302660.00,2124980.00,1925030.00,2025-06-23 14:19:42,2025-06-23 14:29:42,93cfadad-7a33-4b00-93ef-fc694f346668
30.56,75.47,0.00,49,4191610.00,7148110.00,793430.00,2025-06-23 14:34:42,2025-06-23 14:44:42,da359209-373f-4b1d-8469-c034701aef10
18.21,41.09,-8.57,96,4426450.00,11587330.00,21602410.00,2025-06-23 14:49:42,2025-06-23 14:59:42,d3591278-8afc-46e8-96ec-a646770e6ca5
-13.70,25.64,-14.37,89,946650.00,4934380.00,2357330.00,2025-06-23 15:04:42,2025-06-23 15:14:42,ed0e946a-be24-4412-b769-f01724a3725d
2.74,21.75,-25.96,141,1624710.00,11898580.00,3935340.00,2025-06-23 15:19:42,2025-06-23 15:29:42,002e4a9a-7edc-4e83-a3a9-8a70dd30fc19
-12.39,18.09,-20.39,59,5330390.00,38879700.00,41302330.00,2025-06-23 15:34:42,2025-06-23 15:44:42,b294a6cc-a21b-4c29-8a44-4218520c3514
46.33,60.34,-7.76,113,3255830.00,19520990.00,6215690.00,2025-06-23 15:49:42,2025-06-23 15:59:42,6042d743-28c9-46d9-b595-b48cacb8b04c
95.89,112.07,-0.00,142,4884890.00,42033910.00,60552570.00,2025-06-23 16:04:42,2025-06-23 16:14:42,6de1fb2e-a6ab-4dfe-a966-0ea8c05b7991
-31.19,5.87,-38.21,160,4290390.00,33576580.00,18660800.00,2025-06-23 16:19:42,2025-06-23 16:29:42,2202f69f-89c3-4555-aa86-e673d354501f
-53.83,3.05,-61.56,50,5753180.00,20799910.00,30569170.00,2025-06-23 16:34:42,2025-06-23 16:44:42,c4df2ecb-304c-4b04-9ca7-b0dd99603cf7
-19.13,45.12,-23.72,32,951410.00,5571660.00,8970020.00,2025-06-23 16:49:42,2025-06-23 16:59:42,9d7fa1f4-20ce-409e-a7cc-cdb15a8c9f47
-34.82,0.00,-42.22,52,3773370.00,8205970.00,7799090.00,2025-06-23 17:04:42,2025-06-23 17:14:42,2475e114-1a06-4f1d-bfc5-1f40b2872c77
-19.15,11.99,-22.23,213,1902950.00,10386420.00,17007390.00,2025-06-23 17:19:42,2025-06-23 17:29:42,a071bc34-5468-4b9a-82c0-8232afe6d327
1.80,53.06,-1.91,249,5738540.00,40464700.00,17632980.00,2025-06-23 17:34:42,2025-06-23 17:44:42,b6d6a634-dcd2-4f52-9dc9-efe6e9b7a931
-55.45,2.83,-55.45,282,2662040.00,19359180.00,27545030.00,2025-06-23 17:49:42,2025-06-23 17:59:42,01a81084-be85-422e-a713-43f9af9dbb9f
40.94,59.87,-0.03,46,3794170.00,11097900.00,8941070.00,2025-06-23 18:04:42,2025-06-23 18:14:42,7a71c34f-f367-4a73-8a8f-46dc874c7ccb
-46.40,19.70,-47.21,174,4670350.00,25953460.00,28258390.00,2025-06-23 18:19:42,2025-06-23 18:29:42,b5ee09ac-34e9-489a-a205-8ae6c9e01379
4.88,62.27,-11.28,237,5682090.00,49522130.00,90328080.00,2025-06-23 18:34:42,2025-06-23 18:44:42,0fe1e177-5988-4233-89da-0520466feafb
39.38,66.56,0.00,286,5795840.00,48755070.00,75813620.00,2025-06-23 18:49:42,2025-06-23 18:59:42,3540507c-3ae6-4bd7-afff-6a0983f4b71d
-13.63,4.26,-39.12,245,2550600.00,23266480.00,3237850.00,2025-06-23 19:04:42,2025-06-23 19:14:42,7d0ee8de-b67b-401a-83d6-44cb99e5bc14
2.70,24.81,-25.25,182,5540230.00,9259420.00,17548740.00,2025-06-23 19:19:42,2025-06-23 19:29:42,4e201bf3-4cae-498d-af27-c70f798d8881
-15.60,8.24,-30.04,294,3628820.00,3956900.00,1475610.00,2025-06-23 19:34:42,2025-06-23 19:44:42,7a963fe4-0358-4d94-8a50-3136b4a22c8b
-0.53,2.34,-27.28,42,66650.00,409950.00,669720.00,2025-06-23 19:49:42,2025-06-23 19:59:42,ff726403-499f-4258-91e7-1306a56641a4
-25.30,37.66,-28.32,110,1311740.00,12759430.00,24709360.00,2025-06-23 20:04:42,2025-06-23 20:14:42,91fe2937-94d1-4694-bb27-06a0e7cd6fe6
1.66,13.66,-39.68,295,5571110.00,19498980.00,12547300.00,2025-06-23 20:19:42,2025-06-23 20:29:42,f67ed919-d358-45c6-83e7-84ca35b9bbfc
-8.89,9.15,-32.03,112,2170660.00,18537190.00,33311010.00,2025-06-23 20:34:42,2025-06-23 20:44:42,53d2810c-44c8-4d4c-a55e-7bca11354a9b
-29.54,42.17,-31.86,274,4502630.00,36909080.00,49027950.00,2025-06-23 20:49:42,2025-06-23 20:59:42,1d940838-c6f6-4869-b2bc-b144a887ab96
4.97,35.99,-17.81,81,5924290.00,36334180.00,39692030.00,2025-06-23 21:04:42,2025-06-23 21:14:42,b84baf70-f1f6-42d6-a9ab-c06b45b28b71
39.96,39.96,-13.05,293,2241980.00,14788190.00,26636580.00,2025-06-23 21:19:42,2025-06-23 21:29:42,a700bab8-9e09-446b-8a77-561f78f7afdd
45.92,72.59,-6.57,160,5725130.00,54550640.00,92739840.00,2025-06-23 21:34:42,2025-06-23 21:44:42,dbe490da-5f9c-4b88-8a58-22010bdf8676
11.76,27.49,-11.34,78,3858350.00,31623200.00,10069250.00,2025-06-23 21:49:42,2025-06-23 21:59:42,0fed87fa-5749-4e8b-8aed-3db0b661e027
-9.39,7.65,-26.21,79,5318820.00,16925840.00,6963570.00,2025-06-23 22:04:42,2025-06-23 22:14:42,b05883be-7981-440c-88ca-f0fd2b02b6f8
-28.96,33.60,-30.84,141,1810460.00,11461820.00,4957280.00,2025-06-23 22:19:42,2025-06-23 22:29:42,67f818de-5447-4390-823a-d96555b1065a
90.37,90.37,-9.01,33,4492880.00,31106250.00,29587330.00,2025-06-23 22:34:42,2025-06-23 22:44:42,fa998fa9-2e45-49ee-b950-9d87d31f40d0
-27.41,12.62,-41.38,269,3863500.00,34700120.00,24607830.00,2025-06-23 22:49:42,2025-06-23 22:59:42,62794f84-17b5-4061-90ce-ff85959fe244
-28.91,12.38,-31.46,204,5631960.00,21132710.00,13613210.00,2025-06-23 23:04:42,2025-06-23 23:14:42,ade4ab80-f52d-4b5e-ac15-475c30bb2d97
-52.31,16.26,-55.76,65,3600160.00,6338250.00,955090.00,2025-06-23 23:19:42,2025-06-23 23:29:42,fbaf6351-6d9e-49fc-8fbd-8d6bcbbe671e
2.80,41.65,-17.93,120,5874980.00,36040230.00,61701340.00,2025-06-23 23:34:42,2025-06-23 23:44:42,1c36ff77-010e-4242-ae44-b5e2b15f69d6
-13.14,7.27,-26.35,255,145660.00,671540.00,321040.00,2025-06-23 23:49:42,2025-06-23 23:59:42,a24d76fc-db06-49b5-a53a-1c80b9ec0145
